hotel_id,aspect,mention_count,mention_rate_pct,support_n
BOD001,STAFF,13,46.4,28
BOD001,CLEANLINESS,14,50.0,28
BOD001,FOOD,20,71.4,28
BOD001,ROOM,20,71.4,28
BOD001,BED_COMFORT,7,25.0,28
BOD001,BEACH_SEA,22,78.6,28
BOD001,SERVICE,3,10.7,28
BOD001,PRICE_VALUE,5,17.9,28
BOD001,LOCATION,16,57.1,28
BOD001,FACILITIES,3,10.7,28
BOD001,NOISE,11,39.3,28
BOD001,FAMILY_KIDS,6,21.4,28
BOD001,CHECKIN_CHECKOUT,2,7.1,28
BOD001,TRANSPORT_TRANSFER,3,10.7,28
BOD001,MANAGEMENT,11,39.3,28
BOD001,COMMUNICATION,1,3.6,28
BOD001,BAR_DRINKS,6,21.4,28
BOD002,STAFF,6,60.0,10
BOD002,CLEANLINESS,5,50.0,10
BOD002,HYGIENE,1,10.0,10
BOD002,FOOD,8,80.0,10
BOD002,ROOM,8,80.0,10
BOD002,BED_COMFORT,6,60.0,10
BOD002,BEACH_SEA,6,60.0,10
BOD002,POOL,5,50.0,10
BOD002,SERVICE,2,20.0,10
BOD002,PRICE_VALUE,5,50.0,10
BOD002,LOCATION,6,60.0,10
BOD002,FACILITIES,1,10.0,10
BOD002,NOISE,5,50.0,10
BOD002,FAMILY_KIDS,6,60.0,10
BOD002,ANIMATION_ENTERTAINMENT,5,50.0,10
BOD002,AIR_CONDITIONING,2,20.0,10
BOD002,CHECKIN_CHECKOUT,2,20.0,10
BOD002,REFUND_PAYMENT,1,10.0,10
BOD002,MANAGEMENT,2,20.0,10
BOD002,BAR_DRINKS,7,70.0,10
BOD002,WIFI,1,10.0,10
BOD003,STAFF,16,53.3,30
BOD003,CLEANLINESS,12,40.0,30
BOD003,HYGIENE,1,3.3,30
BOD003,FOOD,11,36.7,30
BOD003,ROOM,16,53.3,30
BOD003,BED_COMFORT,7,23.3,30
BOD003,BEACH_SEA,18,60.0,30
BOD003,POOL,4,13.3,30
BOD003,SERVICE,6,20.0,30
BOD003,PRICE_VALUE,10,33.3,30
BOD003,LOCATION,11,36.7,30
BOD003,FACILITIES,6,20.0,30
BOD003,NOISE,7,23.3,30
BOD003,FAMILY_KIDS,4,13.3,30
BOD003,AIR_CONDITIONING,1,3.3,30
BOD003,CHECKIN_CHECKOUT,2,6.7,30
BOD003,RESERVATION,1,3.3,30
BOD003,REFUND_PAYMENT,2,6.7,30
BOD003,MANAGEMENT,5,16.7,30
BOD003,BAR_DRINKS,6,20.0,30
BOD004,STAFF,7,70.0,10
BOD004,CLEANLINESS,8,80.0,10
BOD004,HYGIENE,1,10.0,10
BOD004,FOOD,6,60.0,10
BOD004,ROOM,9,90.0,10
BOD004,BED_COMFORT,4,40.0,10
BOD004,BEACH_SEA,5,50.0,10
BOD004,POOL,4,40.0,10
BOD004,SERVICE,1,10.0,10
BOD004,PRICE_VALUE,7,70.0,10
BOD004,LOCATION,2,20.0,10
BOD004,FACILITIES,6,60.0,10
BOD004,NOISE,6,60.0,10
BOD004,FAMILY_KIDS,8,80.0,10
BOD004,ANIMATION_ENTERTAINMENT,4,40.0,10
BOD004,CHECKIN_CHECKOUT,3,30.0,10
BOD004,RESERVATION,5,50.0,10
BOD004,REFUND_PAYMENT,1,10.0,10
BOD004,TRANSPORT_TRANSFER,1,10.0,10
BOD004,MANAGEMENT,3,30.0,10
BOD004,COMMUNICATION,1,10.0,10
BOD004,BAR_DRINKS,5,50.0,10
BOD005,STAFF,6,66.7,9
BOD005,CLEANLINESS,5,55.6,9
BOD005,HYGIENE,2,22.2,9
BOD005,FOOD,6,66.7,9
BOD005,ROOM,5,55.6,9
BOD005,BED_COMFORT,2,22.2,9
BOD005,BEACH_SEA,3,33.3,9
BOD005,SERVICE,4,44.4,9
BOD005,PRICE_VALUE,2,22.2,9
BOD005,LOCATION,2,22.2,9
BOD005,FACILITIES,1,11.1,9
BOD005,NOISE,3,33.3,9
BOD005,ANIMATION_ENTERTAINMENT,1,11.1,9
BOD005,CHECKIN_CHECKOUT,1,11.1,9
BOD005,RESERVATION,1,11.1,9
BOD005,REFUND_PAYMENT,1,11.1,9
BOD005,MANAGEMENT,2,22.2,9
BOD006,STAFF,6,60.0,10
BOD006,CLEANLINESS,5,50.0,10
BOD006,HYGIENE,1,10.0,10
BOD006,FOOD,7,70.0,10
BOD006,ROOM,5,50.0,10
BOD006,BED_COMFORT,3,30.0,10
BOD006,BEACH_SEA,9,90.0,10
BOD006,POOL,1,10.0,10
BOD006,SERVICE,2,20.0,10
BOD006,PRICE_VALUE,5,50.0,10
BOD006,LOCATION,3,30.0,10
BOD006,FACILITIES,3,30.0,10
BOD006,NOISE,3,30.0,10
BOD006,FAMILY_KIDS,2,20.0,10
BOD006,ANIMATION_ENTERTAINMENT,1,10.0,10
BOD006,RESERVATION,1,10.0,10
BOD006,MANAGEMENT,2,20.0,10
BOD006,BAR_DRINKS,1,10.0,10
BOD006,WIFI,1,10.0,10
BOD007,STAFF,39,67.2,58
BOD007,CLEANLINESS,29,50.0,58
BOD007,HYGIENE,5,8.6,58
BOD007,FOOD,37,63.8,58
BOD007,ROOM,35,60.3,58
BOD007,BED_COMFORT,14,24.1,58
BOD007,BEACH_SEA,34,58.6,58
BOD007,POOL,24,41.4,58
BOD007,SERVICE,21,36.2,58
BOD007,PRICE_VALUE,19,32.8,58
BOD007,LOCATION,22,37.9,58
BOD007,FACILITIES,25,43.1,58
BOD007,NOISE,17,29.3,58
BOD007,FAMILY_KIDS,28,48.3,58
BOD007,ANIMATION_ENTERTAINMENT,37,63.8,58
BOD007,AIR_CONDITIONING,1,1.7,58
BOD007,CHECKIN_CHECKOUT,7,12.1,58
BOD007,RESERVATION,10,17.2,58
BOD007,REFUND_PAYMENT,5,8.6,58
BOD007,MANAGEMENT,8,13.8,58
BOD007,COMMUNICATION,9,15.5,58
BOD007,BAR_DRINKS,28,48.3,58
BOD007,WIFI,1,1.7,58
BOD008,STAFF,16,80.0,20
BOD008,CLEANLINESS,14,70.0,20
BOD008,HYGIENE,1,5.0,20
BOD008,FOOD,15,75.0,20
BOD008,ROOM,17,85.0,20
BOD008,BED_COMFORT,7,35.0,20
BOD008,BEACH_SEA,9,45.0,20
BOD008,POOL,9,45.0,20
BOD008,SERVICE,3,15.0,20
BOD008,PRICE_VALUE,6,30.0,20
BOD008,LOCATION,5,25.0,20
BOD008,FACILITIES,2,10.0,20
BOD008,NOISE,7,35.0,20
BOD008,FAMILY_KIDS,5,25.0,20
BOD008,AIR_CONDITIONING,1,5.0,20
BOD008,MANAGEMENT,7,35.0,20
BOD008,BAR_DRINKS,4,20.0,20
BOD010,STAFF,8,80.0,10
BOD010,CLEANLINESS,8,80.0,10
BOD010,HYGIENE,3,30.0,10
BOD010,FOOD,8,80.0,10
BOD010,ROOM,8,80.0,10
BOD010,BED_COMFORT,2,20.0,10
BOD010,BEACH_SEA,9,90.0,10
BOD010,POOL,3,30.0,10
BOD010,SERVICE,3,30.0,10
BOD010,PRICE_VALUE,3,30.0,10
BOD010,LOCATION,4,40.0,10
BOD010,NOISE,1,10.0,10
BOD010,FAMILY_KIDS,6,60.0,10
BOD010,RESERVATION,2,20.0,10
BOD010,MANAGEMENT,1,10.0,10
BOD010,COMMUNICATION,1,10.0,10
BOD010,BAR_DRINKS,3,30.0,10
BOD011,STAFF,9,90.0,10
BOD011,CLEANLINESS,6,60.0,10
BOD011,HYGIENE,1,10.0,10
BOD011,FOOD,7,70.0,10
BOD011,ROOM,5,50.0,10
BOD011,BED_COMFORT,2,20.0,10
BOD011,BEACH_SEA,7,70.0,10
BOD011,SERVICE,6,60.0,10
BOD011,PRICE_VALUE,3,30.0,10
BOD011,LOCATION,3,30.0,10
BOD011,FACILITIES,3,30.0,10
BOD011,NOISE,3,30.0,10
BOD011,FAMILY_KIDS,3,30.0,10
BOD011,ANIMATION_ENTERTAINMENT,1,10.0,10
BOD011,CHECKIN_CHECKOUT,1,10.0,10
BOD011,MANAGEMENT,3,30.0,10
BOD011,BAR_DRINKS,4,40.0,10
BOD011,WIFI,1,10.0,10
BOD012,STAFF,7,70.0,10
BOD012,CLEANLINESS,7,70.0,10
BOD012,FOOD,8,80.0,10
BOD012,ROOM,6,60.0,10
BOD012,BED_COMFORT,3,30.0,10
BOD012,BEACH_SEA,5,50.0,10
BOD012,POOL,5,50.0,10
BOD012,SERVICE,5,50.0,10
BOD012,PRICE_VALUE,5,50.0,10
BOD012,LOCATION,4,40.0,10
BOD012,FACILITIES,4,40.0,10
BOD012,NOISE,8,80.0,10
BOD012,FAMILY_KIDS,5,50.0,10
BOD012,ANIMATION_ENTERTAINMENT,7,70.0,10
BOD012,CHECKIN_CHECKOUT,2,20.0,10
BOD012,RESERVATION,4,40.0,10
BOD012,REFUND_PAYMENT,1,10.0,10
BOD012,MANAGEMENT,4,40.0,10
BOD012,BAR_DRINKS,7,70.0,10
BOD013,STAFF,43,59.7,72
BOD013,CLEANLINESS,39,54.2,72
BOD013,HYGIENE,6,8.3,72
BOD013,FOOD,49,68.1,72
BOD013,ROOM,44,61.1,72
BOD013,BED_COMFORT,12,16.7,72
BOD013,BEACH_SEA,38,52.8,72
BOD013,POOL,19,26.4,72
BOD013,SERVICE,25,34.7,72
BOD013,PRICE_VALUE,16,22.2,72
BOD013,LOCATION,20,27.8,72
BOD013,FACILITIES,12,16.7,72
BOD013,NOISE,29,40.3,72
BOD013,FAMILY_KIDS,17,23.6,72
BOD013,ANIMATION_ENTERTAINMENT,21,29.2,72
BOD013,AIR_CONDITIONING,1,1.4,72
BOD013,CHECKIN_CHECKOUT,13,18.1,72
BOD013,RESERVATION,10,13.9,72
BOD013,TRANSPORT_TRANSFER,1,1.4,72
BOD013,MANAGEMENT,7,9.7,72
BOD013,COMMUNICATION,2,2.8,72
BOD013,BAR_DRINKS,35,48.6,72
BOD013,WIFI,1,1.4,72
BOD014,STAFF,9,90.0,10
BOD014,CLEANLINESS,9,90.0,10
BOD014,HYGIENE,4,40.0,10
BOD014,FOOD,9,90.0,10
BOD014,ROOM,10,100.0,10
BOD014,BED_COMFORT,7,70.0,10
BOD014,BEACH_SEA,6,60.0,10
BOD014,POOL,4,40.0,10
BOD014,SERVICE,8,80.0,10
BOD014,PRICE_VALUE,5,50.0,10
BOD014,LOCATION,4,40.0,10
BOD014,FACILITIES,6,60.0,10
BOD014,NOISE,8,80.0,10
BOD014,ANIMATION_ENTERTAINMENT,1,10.0,10
BOD014,CHECKIN_CHECKOUT,4,40.0,10
BOD014,RESERVATION,4,40.0,10
BOD014,REFUND_PAYMENT,1,10.0,10
BOD014,MANAGEMENT,2,20.0,10
BOD014,COMMUNICATION,1,10.0,10
BOD014,BAR_DRINKS,10,100.0,10
BOD016,STAFF,8,80.0,10
BOD016,CLEANLINESS,9,90.0,10
BOD016,HYGIENE,3,30.0,10
BOD016,FOOD,8,80.0,10
BOD016,ROOM,8,80.0,10
BOD016,BED_COMFORT,5,50.0,10
BOD016,BEACH_SEA,8,80.0,10
BOD016,POOL,5,50.0,10
BOD016,SERVICE,7,70.0,10
BOD016,PRICE_VALUE,4,40.0,10
BOD016,LOCATION,4,40.0,10
BOD016,FACILITIES,7,70.0,10
BOD016,NOISE,6,60.0,10
BOD016,FAMILY_KIDS,3,30.0,10
BOD016,ANIMATION_ENTERTAINMENT,7,70.0,10
BOD016,CHECKIN_CHECKOUT,3,30.0,10
BOD016,RESERVATION,4,40.0,10
BOD016,REFUND_PAYMENT,3,30.0,10
BOD016,TRANSPORT_TRANSFER,1,10.0,10
BOD016,MANAGEMENT,2,20.0,10
BOD016,COMMUNICATION,2,20.0,10
BOD016,BAR_DRINKS,8,80.0,10
BOD020,STAFF,34,68.0,50
BOD020,CLEANLINESS,18,36.0,50
BOD020,HYGIENE,4,8.0,50
BOD020,FOOD,27,54.0,50
BOD020,ROOM,17,34.0,50
BOD020,BED_COMFORT,9,18.0,50
BOD020,BEACH_SEA,14,28.0,50
BOD020,POOL,18,36.0,50
BOD020,SERVICE,11,22.0,50
BOD020,PRICE_VALUE,23,46.0,50
BOD020,LOCATION,15,30.0,50
BOD020,FACILITIES,4,8.0,50
BOD020,NOISE,8,16.0,50
BOD020,FAMILY_KIDS,20,40.0,50
BOD020,ANIMATION_ENTERTAINMENT,2,4.0,50
BOD020,AIR_CONDITIONING,3,6.0,50
BOD020,CHECKIN_CHECKOUT,8,16.0,50
BOD020,RESERVATION,5,10.0,50
BOD020,REFUND_PAYMENT,2,4.0,50
BOD020,MANAGEMENT,9,18.0,50
BOD020,COMMUNICATION,1,2.0,50
BOD020,BAR_DRINKS,18,36.0,50
BOD020,WIFI,4,8.0,50
BOD024,STAFF,1,9.1,11
BOD024,CLEANLINESS,5,45.5,11
BOD024,HYGIENE,1,9.1,11
BOD024,FOOD,8,72.7,11
BOD024,ROOM,5,45.5,11
BOD024,BED_COMFORT,2,18.2,11
BOD024,BEACH_SEA,2,18.2,11
BOD024,POOL,2,18.2,11
BOD024,SERVICE,1,9.1,11
BOD024,PRICE_VALUE,4,36.4,11
BOD024,NOISE,4,36.4,11
BOD024,FAMILY_KIDS,4,36.4,11
BOD024,ANIMATION_ENTERTAINMENT,2,18.2,11
BOD024,CHECKIN_CHECKOUT,1,9.1,11
BOD024,MANAGEMENT,3,27.3,11
BOD024,BAR_DRINKS,1,9.1,11
BOD024,WIFI,1,9.1,11
BOD025,STAFF,8,80.0,10
BOD025,CLEANLINESS,10,100.0,10
BOD025,HYGIENE,4,40.0,10
BOD025,FOOD,7,70.0,10
BOD025,ROOM,9,90.0,10
BOD025,BED_COMFORT,3,30.0,10
BOD025,BEACH_SEA,5,50.0,10
BOD025,POOL,3,30.0,10
BOD025,SERVICE,4,40.0,10
BOD025,PRICE_VALUE,5,50.0,10
BOD025,FACILITIES,4,40.0,10
BOD025,NOISE,3,30.0,10
BOD025,FAMILY_KIDS,1,10.0,10
BOD025,RESERVATION,3,30.0,10
BOD025,REFUND_PAYMENT,1,10.0,10
BOD025,BAR_DRINKS,6,60.0,10
BOD026,STAFF,5,62.5,8
BOD026,CLEANLINESS,6,75.0,8
BOD026,HYGIENE,1,12.5,8
BOD026,FOOD,5,62.5,8
BOD026,ROOM,5,62.5,8
BOD026,BED_COMFORT,4,50.0,8
BOD026,BEACH_SEA,6,75.0,8
BOD026,SERVICE,3,37.5,8
BOD026,PRICE_VALUE,4,50.0,8
BOD026,LOCATION,3,37.5,8
BOD026,FACILITIES,3,37.5,8
BOD026,NOISE,3,37.5,8
BOD026,FAMILY_KIDS,4,50.0,8
BOD026,ANIMATION_ENTERTAINMENT,2,25.0,8
BOD026,CHECKIN_CHECKOUT,2,25.0,8
BOD026,MANAGEMENT,2,25.0,8
BOD026,BAR_DRINKS,4,50.0,8
BOD030,STAFF,5,50.0,10
BOD030,CLEANLINESS,6,60.0,10
BOD030,HYGIENE,2,20.0,10
BOD030,FOOD,7,70.0,10
BOD030,ROOM,7,70.0,10
BOD030,BED_COMFORT,3,30.0,10
BOD030,BEACH_SEA,3,30.0,10
BOD030,POOL,1,10.0,10
BOD030,SERVICE,3,30.0,10
BOD030,PRICE_VALUE,7,70.0,10
BOD030,LOCATION,2,20.0,10
BOD030,FACILITIES,3,30.0,10
BOD030,NOISE,2,20.0,10
BOD030,FAMILY_KIDS,3,30.0,10
BOD030,ANIMATION_ENTERTAINMENT,2,20.0,10
BOD030,AIR_CONDITIONING,2,20.0,10
BOD030,CHECKIN_CHECKOUT,3,30.0,10
BOD030,RESERVATION,1,10.0,10
BOD030,REFUND_PAYMENT,2,20.0,10
BOD030,MANAGEMENT,1,10.0,10
BOD030,COMMUNICATION,1,10.0,10
BOD030,BAR_DRINKS,6,60.0,10
BOD031,STAFF,5,55.6,9
BOD031,CLEANLINESS,6,66.7,9
BOD031,HYGIENE,2,22.2,9
BOD031,FOOD,7,77.8,9
BOD031,ROOM,7,77.8,9
BOD031,BED_COMFORT,2,22.2,9
BOD031,BEACH_SEA,5,55.6,9
BOD031,POOL,2,22.2,9
BOD031,SERVICE,2,22.2,9
BOD031,PRICE_VALUE,3,33.3,9
BOD031,LOCATION,2,22.2,9
BOD031,FACILITIES,1,11.1,9
BOD031,NOISE,1,11.1,9
BOD031,FAMILY_KIDS,2,22.2,9
BOD031,ANIMATION_ENTERTAINMENT,1,11.1,9
BOD031,MANAGEMENT,2,22.2,9
BOD031,BAR_DRINKS,2,22.2,9
BOD032,STAFF,50,86.2,58
BOD032,CLEANLINESS,31,53.4,58
BOD032,HYGIENE,4,6.9,58
BOD032,FOOD,42,72.4,58
BOD032,ROOM,27,46.6,58
BOD032,BED_COMFORT,9,15.5,58
BOD032,BEACH_SEA,16,27.6,58
BOD032,POOL,17,29.3,58
BOD032,SERVICE,18,31.0,58
BOD032,PRICE_VALUE,9,15.5,58
BOD032,LOCATION,14,24.1,58
BOD032,FACILITIES,10,17.2,58
BOD032,NOISE,15,25.9,58
BOD032,FAMILY_KIDS,13,22.4,58
BOD032,ANIMATION_ENTERTAINMENT,8,13.8,58
BOD032,AIR_CONDITIONING,3,5.2,58
BOD032,CHECKIN_CHECKOUT,3,5.2,58
BOD032,RESERVATION,3,5.2,58
BOD032,TRANSPORT_TRANSFER,1,1.7,58
BOD032,MANAGEMENT,6,10.3,58
BOD032,COMMUNICATION,3,5.2,58
BOD032,BAR_DRINKS,31,53.4,58
BOD033,STAFF,14,36.8,38
BOD033,CLEANLINESS,17,44.7,38
BOD033,HYGIENE,3,7.9,38
BOD033,FOOD,15,39.5,38
BOD033,ROOM,18,47.4,38
BOD033,BED_COMFORT,3,7.9,38
BOD033,BEACH_SEA,3,7.9,38
BOD033,POOL,13,34.2,38
BOD033,SERVICE,11,28.9,38
BOD033,PRICE_VALUE,2,5.3,38
BOD033,LOCATION,16,42.1,38
BOD033,FACILITIES,11,28.9,38
BOD033,NOISE,5,13.2,38
BOD033,FAMILY_KIDS,4,10.5,38
BOD033,AIR_CONDITIONING,2,5.3,38
BOD033,CHECKIN_CHECKOUT,5,13.2,38
BOD033,RESERVATION,3,7.9,38
BOD033,REFUND_PAYMENT,1,2.6,38
BOD033,MANAGEMENT,3,7.9,38
BOD033,BAR_DRINKS,7,18.4,38
BOD034,STAFF,3,30.0,10
BOD034,CLEANLINESS,6,60.0,10
BOD034,HYGIENE,3,30.0,10
BOD034,FOOD,4,40.0,10
BOD034,ROOM,4,40.0,10
BOD034,BED_COMFORT,3,30.0,10
BOD034,BEACH_SEA,2,20.0,10
BOD034,POOL,1,10.0,10
BOD034,SERVICE,1,10.0,10
BOD034,PRICE_VALUE,4,40.0,10
BOD034,LOCATION,4,40.0,10
BOD034,NOISE,5,50.0,10
BOD034,FAMILY_KIDS,2,20.0,10
BOD034,CHECKIN_CHECKOUT,1,10.0,10
BOD034,RESERVATION,2,20.0,10
BOD034,MANAGEMENT,2,20.0,10
BOD034,BAR_DRINKS,3,30.0,10
BOD036,STAFF,8,80.0,10
BOD036,CLEANLINESS,7,70.0,10
BOD036,FOOD,7,70.0,10
BOD036,ROOM,7,70.0,10
BOD036,BED_COMFORT,5,50.0,10
BOD036,POOL,2,20.0,10
BOD036,SERVICE,5,50.0,10
BOD036,PRICE_VALUE,2,20.0,10
BOD036,LOCATION,3,30.0,10
BOD036,FACILITIES,4,40.0,10
BOD036,NOISE,3,30.0,10
BOD036,FAMILY_KIDS,1,10.0,10
BOD036,CHECKIN_CHECKOUT,1,10.0,10
BOD036,BAR_DRINKS,3,30.0,10
BOD043,STAFF,8,80.0,10
BOD043,CLEANLINESS,7,70.0,10
BOD043,FOOD,6,60.0,10
BOD043,ROOM,8,80.0,10
BOD043,BED_COMFORT,1,10.0,10
BOD043,BEACH_SEA,5,50.0,10
BOD043,SERVICE,9,90.0,10
BOD043,PRICE_VALUE,3,30.0,10
BOD043,LOCATION,2,20.0,10
BOD043,FACILITIES,4,40.0,10
BOD043,NOISE,3,30.0,10
BOD043,FAMILY_KIDS,1,10.0,10
BOD043,CHECKIN_CHECKOUT,1,10.0,10
BOD043,BAR_DRINKS,3,30.0,10
BOD045,STAFF,42,65.6,64
BOD045,CLEANLINESS,38,59.4,64
BOD045,HYGIENE,4,6.2,64
BOD045,FOOD,50,78.1,64
BOD045,ROOM,30,46.9,64
BOD045,BED_COMFORT,12,18.8,64
BOD045,BEACH_SEA,27,42.2,64
BOD045,POOL,15,23.4,64
BOD045,SERVICE,16,25.0,64
BOD045,PRICE_VALUE,22,34.4,64
BOD045,LOCATION,26,40.6,64
BOD045,FACILITIES,23,35.9,64
BOD045,NOISE,18,28.1,64
BOD045,FAMILY_KIDS,10,15.6,64
BOD045,ANIMATION_ENTERTAINMENT,27,42.2,64
BOD045,AIR_CONDITIONING,2,3.1,64
BOD045,CHECKIN_CHECKOUT,7,10.9,64
BOD045,RESERVATION,7,10.9,64
BOD045,REFUND_PAYMENT,4,6.2,64
BOD045,TRANSPORT_TRANSFER,3,4.7,64
BOD045,MANAGEMENT,4,6.2,64
BOD045,COMMUNICATION,8,12.5,64
BOD045,BAR_DRINKS,26,40.6,64
BOD048,STAFF,8,80.0,10
BOD048,CLEANLINESS,5,50.0,10
BOD048,FOOD,7,70.0,10
BOD048,ROOM,6,60.0,10
BOD048,BED_COMFORT,3,30.0,10
BOD048,BEACH_SEA,7,70.0,10
BOD048,SERVICE,5,50.0,10
BOD048,PRICE_VALUE,2,20.0,10
BOD048,LOCATION,4,40.0,10
BOD048,NOISE,1,10.0,10
BOD048,FAMILY_KIDS,1,10.0,10
BOD048,BAR_DRINKS,1,10.0,10
BOD048,WIFI,1,10.0,10
BOD049,STAFF,7,26.9,26
BOD049,CLEANLINESS,15,57.7,26
BOD049,HYGIENE,4,15.4,26
BOD049,FOOD,8,30.8,26
BOD049,ROOM,13,50.0,26
BOD049,BED_COMFORT,5,19.2,26
BOD049,BEACH_SEA,6,23.1,26
BOD049,POOL,4,15.4,26
BOD049,SERVICE,2,7.7,26
BOD049,PRICE_VALUE,6,23.1,26
BOD049,LOCATION,10,38.5,26
BOD049,NOISE,8,30.8,26
BOD049,FAMILY_KIDS,11,42.3,26
BOD049,ANIMATION_ENTERTAINMENT,1,3.8,26
BOD049,AIR_CONDITIONING,1,3.8,26
BOD049,CHECKIN_CHECKOUT,1,3.8,26
BOD049,RESERVATION,2,7.7,26
BOD049,MANAGEMENT,7,26.9,26
BOD049,COMMUNICATION,2,7.7,26
BOD049,BAR_DRINKS,5,19.2,26
BOD051,STAFF,16,80.0,20
BOD051,CLEANLINESS,8,40.0,20
BOD051,HYGIENE,1,5.0,20
BOD051,FOOD,11,55.0,20
BOD051,ROOM,10,50.0,20
BOD051,BED_COMFORT,6,30.0,20
BOD051,BEACH_SEA,11,55.0,20
BOD051,POOL,5,25.0,20
BOD051,SERVICE,5,25.0,20
BOD051,PRICE_VALUE,2,10.0,20
BOD051,LOCATION,7,35.0,20
BOD051,FACILITIES,3,15.0,20
BOD051,NOISE,4,20.0,20
BOD051,FAMILY_KIDS,2,10.0,20
BOD051,CHECKIN_CHECKOUT,2,10.0,20
BOD051,RESERVATION,1,5.0,20
BOD051,MANAGEMENT,3,15.0,20
BOD051,BAR_DRINKS,4,20.0,20
BOD052,STAFF,38,60.3,63
BOD052,CLEANLINESS,17,27.0,63
BOD052,HYGIENE,1,1.6,63
BOD052,FOOD,38,60.3,63
BOD052,ROOM,29,46.0,63
BOD052,BED_COMFORT,13,20.6,63
BOD052,BEACH_SEA,32,50.8,63
BOD052,POOL,2,3.2,63
BOD052,SERVICE,21,33.3,63
BOD052,PRICE_VALUE,10,15.9,63
BOD052,LOCATION,13,20.6,63
BOD052,FACILITIES,13,20.6,63
BOD052,NOISE,16,25.4,63
BOD052,FAMILY_KIDS,10,15.9,63
BOD052,AIR_CONDITIONING,1,1.6,63
BOD052,CHECKIN_CHECKOUT,5,7.9,63
BOD052,RESERVATION,3,4.8,63
BOD052,MANAGEMENT,16,25.4,63
BOD052,COMMUNICATION,4,6.3,63
BOD052,BAR_DRINKS,16,25.4,63
BOD054,STAFF,6,60.0,10
BOD054,CLEANLINESS,7,70.0,10
BOD054,FOOD,9,90.0,10
BOD054,ROOM,6,60.0,10
BOD054,BED_COMFORT,2,20.0,10
BOD054,BEACH_SEA,10,100.0,10
BOD054,SERVICE,1,10.0,10
BOD054,PRICE_VALUE,3,30.0,10
BOD054,LOCATION,6,60.0,10
BOD054,NOISE,4,40.0,10
BOD054,CHECKIN_CHECKOUT,1,10.0,10
BOD054,MANAGEMENT,5,50.0,10
BOD054,BAR_DRINKS,3,30.0,10
BOD055,STAFF,8,80.0,10
BOD055,CLEANLINESS,5,50.0,10
BOD055,FOOD,7,70.0,10
BOD055,ROOM,5,50.0,10
BOD055,BED_COMFORT,3,30.0,10
BOD055,BEACH_SEA,8,80.0,10
BOD055,SERVICE,2,20.0,10
BOD055,PRICE_VALUE,2,20.0,10
BOD055,LOCATION,3,30.0,10
BOD055,FACILITIES,1,10.0,10
BOD055,FAMILY_KIDS,3,30.0,10
BOD055,MANAGEMENT,2,20.0,10
BOD055,BAR_DRINKS,2,20.0,10
BOD056,STAFF,12,33.3,36
BOD056,CLEANLINESS,2,5.6,36
BOD056,FOOD,6,16.7,36
BOD056,ROOM,8,22.2,36
BOD056,BED_COMFORT,1,2.8,36
BOD056,BEACH_SEA,6,16.7,36
BOD056,SERVICE,13,36.1,36
BOD056,PRICE_VALUE,5,13.9,36
BOD056,LOCATION,8,22.2,36
BOD056,FACILITIES,7,19.4,36
BOD056,NOISE,1,2.8,36
BOD056,FAMILY_KIDS,2,5.6,36
BOD056,ANIMATION_ENTERTAINMENT,1,2.8,36
BOD056,CHECKIN_CHECKOUT,2,5.6,36
BOD056,RESERVATION,1,2.8,36
BOD056,REFUND_PAYMENT,1,2.8,36
BOD056,MANAGEMENT,2,5.6,36
BOD056,COMMUNICATION,1,2.8,36
BOD056,BAR_DRINKS,6,16.7,36
BOD057,STAFF,33,41.8,79
BOD057,CLEANLINESS,26,32.9,79
BOD057,HYGIENE,4,5.1,79
BOD057,FOOD,36,45.6,79
BOD057,ROOM,54,68.4,79
BOD057,BED_COMFORT,12,15.2,79
BOD057,BEACH_SEA,48,60.8,79
BOD057,POOL,18,22.8,79
BOD057,SERVICE,21,26.6,79
BOD057,PRICE_VALUE,35,44.3,79
BOD057,LOCATION,28,35.4,79
BOD057,FACILITIES,23,29.1,79
BOD057,NOISE,15,19.0,79
BOD057,FAMILY_KIDS,16,20.3,79
BOD057,ANIMATION_ENTERTAINMENT,1,1.3,79
BOD057,CHECKIN_CHECKOUT,14,17.7,79
BOD057,RESERVATION,8,10.1,79
BOD057,REFUND_PAYMENT,9,11.4,79
BOD057,TRANSPORT_TRANSFER,2,2.5,79
BOD057,MANAGEMENT,10,12.7,79
BOD057,COMMUNICATION,1,1.3,79
BOD057,BAR_DRINKS,27,34.2,79
BOD057,WIFI,1,1.3,79
BOD058,STAFF,6,60.0,10
BOD058,CLEANLINESS,5,50.0,10
BOD058,FOOD,7,70.0,10
BOD058,ROOM,8,80.0,10
BOD058,BED_COMFORT,4,40.0,10
BOD058,BEACH_SEA,1,10.0,10
BOD058,POOL,7,70.0,10
BOD058,SERVICE,3,30.0,10
BOD058,PRICE_VALUE,6,60.0,10
BOD058,LOCATION,2,20.0,10
BOD058,FACILITIES,1,10.0,10
BOD058,NOISE,1,10.0,10
BOD058,FAMILY_KIDS,7,70.0,10
BOD058,ANIMATION_ENTERTAINMENT,1,10.0,10
BOD058,CHECKIN_CHECKOUT,1,10.0,10
BOD058,RESERVATION,1,10.0,10
BOD058,REFUND_PAYMENT,1,10.0,10
BOD058,MANAGEMENT,4,40.0,10
BOD058,COMMUNICATION,2,20.0,10
BOD058,BAR_DRINKS,5,50.0,10
BOD060,STAFF,54,70.1,77
BOD060,CLEANLINESS,51,66.2,77
BOD060,HYGIENE,4,5.2,77
BOD060,FOOD,50,64.9,77
BOD060,ROOM,41,53.2,77
BOD060,BED_COMFORT,15,19.5,77
BOD060,BEACH_SEA,15,19.5,77
BOD060,POOL,16,20.8,77
BOD060,SERVICE,16,20.8,77
BOD060,PRICE_VALUE,26,33.8,77
BOD060,LOCATION,23,29.9,77
BOD060,FACILITIES,9,11.7,77
BOD060,NOISE,17,22.1,77
BOD060,FAMILY_KIDS,16,20.8,77
BOD060,ANIMATION_ENTERTAINMENT,28,36.4,77
BOD060,CHECKIN_CHECKOUT,7,9.1,77
BOD060,RESERVATION,13,16.9,77
BOD060,REFUND_PAYMENT,2,2.6,77
BOD060,MANAGEMENT,9,11.7,77
BOD060,COMMUNICATION,2,2.6,77
BOD060,BAR_DRINKS,25,32.5,77
BOD061,STAFF,37,56.9,65
BOD061,CLEANLINESS,34,52.3,65
BOD061,HYGIENE,7,10.8,65
BOD061,FOOD,42,64.6,65
BOD061,ROOM,41,63.1,65
BOD061,BED_COMFORT,17,26.2,65
BOD061,BEACH_SEA,29,44.6,65
BOD061,POOL,13,20.0,65
BOD061,SERVICE,15,23.1,65
BOD061,PRICE_VALUE,22,33.8,65
BOD061,LOCATION,25,38.5,65
BOD061,FACILITIES,5,7.7,65
BOD061,NOISE,20,30.8,65
BOD061,FAMILY_KIDS,21,32.3,65
BOD061,ANIMATION_ENTERTAINMENT,11,16.9,65
BOD061,AIR_CONDITIONING,1,1.5,65
BOD061,CHECKIN_CHECKOUT,7,10.8,65
BOD061,RESERVATION,5,7.7,65
BOD061,MANAGEMENT,13,20.0,65
BOD061,COMMUNICATION,1,1.5,65
BOD061,BAR_DRINKS,22,33.8,65
BOD061,WIFI,1,1.5,65
BOD063,STAFF,23,76.7,30
BOD063,CLEANLINESS,24,80.0,30
BOD063,HYGIENE,4,13.3,30
BOD063,FOOD,28,93.3,30
BOD063,ROOM,24,80.0,30
BOD063,BED_COMFORT,6,20.0,30
BOD063,BEACH_SEA,10,33.3,30
BOD063,POOL,14,46.7,30
BOD063,SERVICE,13,43.3,30
BOD063,PRICE_VALUE,13,43.3,30
BOD063,LOCATION,10,33.3,30
BOD063,FACILITIES,10,33.3,30
BOD063,NOISE,12,40.0,30
BOD063,FAMILY_KIDS,11,36.7,30
BOD063,ANIMATION_ENTERTAINMENT,13,43.3,30
BOD063,AIR_CONDITIONING,2,6.7,30
BOD063,CHECKIN_CHECKOUT,8,26.7,30
BOD063,RESERVATION,4,13.3,30
BOD063,REFUND_PAYMENT,2,6.7,30
BOD063,MANAGEMENT,2,6.7,30
BOD063,COMMUNICATION,3,10.0,30
BOD063,BAR_DRINKS,16,53.3,30
BOD063,WIFI,1,3.3,30
BOD064,STAFF,15,51.7,29
BOD064,CLEANLINESS,18,62.1,29
BOD064,HYGIENE,2,6.9,29
BOD064,FOOD,15,51.7,29
BOD064,ROOM,23,79.3,29
BOD064,BED_COMFORT,3,10.3,29
BOD064,BEACH_SEA,5,17.2,29
BOD064,POOL,7,24.1,29
BOD064,SERVICE,5,17.2,29
BOD064,PRICE_VALUE,11,37.9,29
BOD064,LOCATION,11,37.9,29
BOD064,FACILITIES,9,31.0,29
BOD064,NOISE,9,31.0,29
BOD064,FAMILY_KIDS,6,20.7,29
BOD064,AIR_CONDITIONING,2,6.9,29
BOD064,CHECKIN_CHECKOUT,2,6.9,29
BOD064,RESERVATION,3,10.3,29
BOD064,REFUND_PAYMENT,1,3.4,29
BOD064,TRANSPORT_TRANSFER,1,3.4,29
BOD064,MANAGEMENT,4,13.8,29
BOD064,COMMUNICATION,2,6.9,29
BOD064,BAR_DRINKS,6,20.7,29
BOD064,WIFI,1,3.4,29
BOD065,STAFF,16,80.0,20
BOD065,CLEANLINESS,9,45.0,20
BOD065,HYGIENE,5,25.0,20
BOD065,FOOD,17,85.0,20
BOD065,ROOM,15,75.0,20
BOD065,BED_COMFORT,7,35.0,20
BOD065,BEACH_SEA,16,80.0,20
BOD065,POOL,5,25.0,20
BOD065,SERVICE,12,60.0,20
BOD065,PRICE_VALUE,11,55.0,20
BOD065,LOCATION,11,55.0,20
BOD065,FACILITIES,10,50.0,20
BOD065,NOISE,12,60.0,20
BOD065,FAMILY_KIDS,10,50.0,20
BOD065,ANIMATION_ENTERTAINMENT,4,20.0,20
BOD065,CHECKIN_CHECKOUT,6,30.0,20
BOD065,RESERVATION,4,20.0,20
BOD065,REFUND_PAYMENT,1,5.0,20
BOD065,MANAGEMENT,2,10.0,20
BOD065,COMMUNICATION,1,5.0,20
BOD065,BAR_DRINKS,15,75.0,20
BOD066,STAFF,8,80.0,10
BOD066,CLEANLINESS,3,30.0,10
BOD066,HYGIENE,1,10.0,10
BOD066,FOOD,8,80.0,10
BOD066,ROOM,8,80.0,10
BOD066,BED_COMFORT,2,20.0,10
BOD066,BEACH_SEA,6,60.0,10
BOD066,POOL,4,40.0,10
BOD066,SERVICE,4,40.0,10
BOD066,PRICE_VALUE,5,50.0,10
BOD066,LOCATION,4,40.0,10
BOD066,FACILITIES,2,20.0,10
BOD066,NOISE,5,50.0,10
BOD066,FAMILY_KIDS,3,30.0,10
BOD066,ANIMATION_ENTERTAINMENT,6,60.0,10
BOD066,AIR_CONDITIONING,2,20.0,10
BOD066,CHECKIN_CHECKOUT,1,10.0,10
BOD066,RESERVATION,3,30.0,10
BOD066,REFUND_PAYMENT,1,10.0,10
BOD066,MANAGEMENT,2,20.0,10
BOD066,BAR_DRINKS,6,60.0,10
BOD067,STAFF,36,61.0,59
BOD067,CLEANLINESS,26,44.1,59
BOD067,HYGIENE,3,5.1,59
BOD067,FOOD,39,66.1,59
BOD067,ROOM,35,59.3,59
BOD067,BED_COMFORT,4,6.8,59
BOD067,BEACH_SEA,30,50.8,59
BOD067,POOL,12,20.3,59
BOD067,SERVICE,11,18.6,59
BOD067,PRICE_VALUE,13,22.0,59
BOD067,LOCATION,25,42.4,59
BOD067,FACILITIES,8,13.6,59
BOD067,NOISE,18,30.5,59
BOD067,FAMILY_KIDS,18,30.5,59
BOD067,ANIMATION_ENTERTAINMENT,11,18.6,59
BOD067,AIR_CONDITIONING,3,5.1,59
BOD067,CHECKIN_CHECKOUT,7,11.9,59
BOD067,RESERVATION,1,1.7,59
BOD067,MANAGEMENT,7,11.9,59
BOD067,COMMUNICATION,1,1.7,59
BOD067,BAR_DRINKS,18,30.5,59
BOD068,STAFF,8,88.9,9
BOD068,CLEANLINESS,8,88.9,9
BOD068,HYGIENE,1,11.1,9
BOD068,FOOD,8,88.9,9
BOD068,ROOM,8,88.9,9
BOD068,BED_COMFORT,4,44.4,9
BOD068,BEACH_SEA,7,77.8,9
BOD068,POOL,7,77.8,9
BOD068,SERVICE,6,66.7,9
BOD068,PRICE_VALUE,4,44.4,9
BOD068,LOCATION,5,55.6,9
BOD068,FACILITIES,7,77.8,9
BOD068,NOISE,6,66.7,9
BOD068,FAMILY_KIDS,2,22.2,9
BOD068,ANIMATION_ENTERTAINMENT,5,55.6,9
BOD068,CHECKIN_CHECKOUT,5,55.6,9
BOD068,RESERVATION,1,11.1,9
BOD068,REFUND_PAYMENT,1,11.1,9
BOD068,MANAGEMENT,1,11.1,9
BOD068,BAR_DRINKS,9,100.0,9
BOD070,STAFF,23,76.7,30
BOD070,CLEANLINESS,23,76.7,30
BOD070,HYGIENE,2,6.7,30
BOD070,FOOD,20,66.7,30
BOD070,ROOM,21,70.0,30
BOD070,BED_COMFORT,11,36.7,30
BOD070,BEACH_SEA,19,63.3,30
BOD070,POOL,5,16.7,30
BOD070,SERVICE,9,30.0,30
BOD070,PRICE_VALUE,16,53.3,30
BOD070,LOCATION,18,60.0,30
BOD070,FACILITIES,7,23.3,30
BOD070,NOISE,5,16.7,30
BOD070,FAMILY_KIDS,14,46.7,30
BOD070,ANIMATION_ENTERTAINMENT,7,23.3,30
BOD070,AIR_CONDITIONING,5,16.7,30
BOD070,CHECKIN_CHECKOUT,2,6.7,30
BOD070,RESERVATION,4,13.3,30
BOD070,REFUND_PAYMENT,2,6.7,30
BOD070,TRANSPORT_TRANSFER,1,3.3,30
BOD070,MANAGEMENT,6,20.0,30
BOD070,COMMUNICATION,4,13.3,30
BOD070,BAR_DRINKS,11,36.7,30
BOD070,WIFI,2,6.7,30
BOD071,STAFF,19,76.0,25
BOD071,CLEANLINESS,12,48.0,25
BOD071,FOOD,11,44.0,25
BOD071,ROOM,17,68.0,25
BOD071,BED_COMFORT,4,16.0,25
BOD071,BEACH_SEA,8,32.0,25
BOD071,POOL,6,24.0,25
BOD071,SERVICE,5,20.0,25
BOD071,PRICE_VALUE,6,24.0,25
BOD071,LOCATION,8,32.0,25
BOD071,NOISE,6,24.0,25
BOD071,FAMILY_KIDS,2,8.0,25
BOD071,CHECKIN_CHECKOUT,3,12.0,25
BOD071,RESERVATION,4,16.0,25
BOD071,REFUND_PAYMENT,2,8.0,25
BOD071,TRANSPORT_TRANSFER,1,4.0,25
BOD071,MANAGEMENT,4,16.0,25
BOD071,COMMUNICATION,3,12.0,25
BOD071,BAR_DRINKS,6,24.0,25
BOD073,STAFF,11,44.0,25
BOD073,CLEANLINESS,10,40.0,25
BOD073,FOOD,15,60.0,25
BOD073,ROOM,11,44.0,25
BOD073,BED_COMFORT,2,8.0,25
BOD073,BEACH_SEA,11,44.0,25
BOD073,SERVICE,5,20.0,25
BOD073,PRICE_VALUE,11,44.0,25
BOD073,LOCATION,8,32.0,25
BOD073,FACILITIES,4,16.0,25
BOD073,NOISE,2,8.0,25
BOD073,FAMILY_KIDS,4,16.0,25
BOD073,ANIMATION_ENTERTAINMENT,1,4.0,25
BOD073,RESERVATION,1,4.0,25
BOD073,REFUND_PAYMENT,1,4.0,25
BOD073,MANAGEMENT,7,28.0,25
BOD073,BAR_DRINKS,5,20.0,25
BOD074,STAFF,4,14.8,27
BOD074,CLEANLINESS,12,44.4,27
BOD074,HYGIENE,1,3.7,27
BOD074,FOOD,2,7.4,27
BOD074,ROOM,9,33.3,27
BOD074,BED_COMFORT,1,3.7,27
BOD074,BEACH_SEA,10,37.0,27
BOD074,SERVICE,3,11.1,27
BOD074,PRICE_VALUE,4,14.8,27
BOD074,LOCATION,8,29.6,27
BOD074,FACILITIES,2,7.4,27
BOD074,NOISE,1,3.7,27
BOD074,FAMILY_KIDS,2,7.4,27
BOD074,AIR_CONDITIONING,2,7.4,27
BOD074,RESERVATION,1,3.7,27
BOD074,REFUND_PAYMENT,1,3.7,27
BOD074,MANAGEMENT,6,22.2,27
BOD074,COMMUNICATION,2,7.4,27
BOD074,BAR_DRINKS,3,11.1,27
BOD077,STAFF,13,65.0,20
BOD077,CLEANLINESS,15,75.0,20
BOD077,HYGIENE,6,30.0,20
BOD077,FOOD,8,40.0,20
BOD077,ROOM,14,70.0,20
BOD077,BED_COMFORT,4,20.0,20
BOD077,BEACH_SEA,10,50.0,20
BOD077,POOL,8,40.0,20
BOD077,SERVICE,3,15.0,20
BOD077,PRICE_VALUE,10,50.0,20
BOD077,LOCATION,7,35.0,20
BOD077,FACILITIES,4,20.0,20
BOD077,NOISE,4,20.0,20
BOD077,FAMILY_KIDS,6,30.0,20
BOD077,AIR_CONDITIONING,2,10.0,20
BOD077,CHECKIN_CHECKOUT,1,5.0,20
BOD077,RESERVATION,5,25.0,20
BOD077,REFUND_PAYMENT,4,20.0,20
BOD077,MANAGEMENT,6,30.0,20
BOD077,COMMUNICATION,4,20.0,20
BOD077,BAR_DRINKS,2,10.0,20
BOD077,WIFI,1,5.0,20
BOD080,STAFF,5,50.0,10
BOD080,CLEANLINESS,7,70.0,10
BOD080,HYGIENE,2,20.0,10
BOD080,FOOD,4,40.0,10
BOD080,ROOM,8,80.0,10
BOD080,BEACH_SEA,5,50.0,10
BOD080,SERVICE,3,30.0,10
BOD080,PRICE_VALUE,4,40.0,10
BOD080,LOCATION,5,50.0,10
BOD080,FACILITIES,4,40.0,10
BOD080,NOISE,1,10.0,10
BOD080,FAMILY_KIDS,3,30.0,10
BOD080,AIR_CONDITIONING,1,10.0,10
BOD080,MANAGEMENT,4,40.0,10
BOD080,COMMUNICATION,1,10.0,10
BOD080,BAR_DRINKS,2,20.0,10
BOD086,STAFF,8,80.0,10
BOD086,CLEANLINESS,6,60.0,10
BOD086,FOOD,2,20.0,10
BOD086,ROOM,5,50.0,10
BOD086,BED_COMFORT,3,30.0,10
BOD086,BEACH_SEA,4,40.0,10
BOD086,POOL,3,30.0,10
BOD086,SERVICE,3,30.0,10
BOD086,PRICE_VALUE,6,60.0,10
BOD086,LOCATION,5,50.0,10
BOD086,FACILITIES,5,50.0,10
BOD086,NOISE,3,30.0,10
BOD086,FAMILY_KIDS,2,20.0,10
BOD086,CHECKIN_CHECKOUT,1,10.0,10
BOD086,MANAGEMENT,1,10.0,10
BOD086,COMMUNICATION,4,40.0,10
BOD086,BAR_DRINKS,2,20.0,10
BOD087,STAFF,5,50.0,10
BOD087,CLEANLINESS,7,70.0,10
BOD087,HYGIENE,1,10.0,10
BOD087,FOOD,4,40.0,10
BOD087,ROOM,5,50.0,10
BOD087,BED_COMFORT,4,40.0,10
BOD087,BEACH_SEA,6,60.0,10
BOD087,SERVICE,4,40.0,10
BOD087,PRICE_VALUE,6,60.0,10
BOD087,LOCATION,5,50.0,10
BOD087,FACILITIES,7,70.0,10
BOD087,NOISE,4,40.0,10
BOD087,FAMILY_KIDS,2,20.0,10
BOD087,ANIMATION_ENTERTAINMENT,2,20.0,10
BOD087,AIR_CONDITIONING,1,10.0,10
BOD087,RESERVATION,1,10.0,10
BOD087,REFUND_PAYMENT,1,10.0,10
BOD087,MANAGEMENT,5,50.0,10
BOD087,COMMUNICATION,2,20.0,10
BOD087,BAR_DRINKS,3,30.0,10
BOD088,STAFF,11,55.0,20
BOD088,CLEANLINESS,7,35.0,20
BOD088,HYGIENE,4,20.0,20
BOD088,FOOD,12,60.0,20
BOD088,ROOM,14,70.0,20
BOD088,BED_COMFORT,3,15.0,20
BOD088,BEACH_SEA,11,55.0,20
BOD088,POOL,3,15.0,20
BOD088,SERVICE,6,30.0,20
BOD088,PRICE_VALUE,4,20.0,20
BOD088,LOCATION,6,30.0,20
BOD088,FACILITIES,5,25.0,20
BOD088,NOISE,6,30.0,20
BOD088,FAMILY_KIDS,4,20.0,20
BOD088,ANIMATION_ENTERTAINMENT,4,20.0,20
BOD088,AIR_CONDITIONING,2,10.0,20
BOD088,CHECKIN_CHECKOUT,3,15.0,20
BOD088,RESERVATION,1,5.0,20
BOD088,REFUND_PAYMENT,1,5.0,20
BOD088,BAR_DRINKS,8,40.0,20
BOD089,STAFF,13,65.0,20
BOD089,CLEANLINESS,8,40.0,20
BOD089,HYGIENE,1,5.0,20
BOD089,FOOD,10,50.0,20
BOD089,ROOM,12,60.0,20
BOD089,BED_COMFORT,4,20.0,20
BOD089,BEACH_SEA,11,55.0,20
BOD089,POOL,2,10.0,20
BOD089,SERVICE,7,35.0,20
BOD089,PRICE_VALUE,6,30.0,20
BOD089,LOCATION,8,40.0,20
BOD089,FACILITIES,4,20.0,20
BOD089,NOISE,6,30.0,20
BOD089,FAMILY_KIDS,3,15.0,20
BOD089,AIR_CONDITIONING,1,5.0,20
BOD089,CHECKIN_CHECKOUT,6,30.0,20
BOD089,RESERVATION,2,10.0,20
BOD089,REFUND_PAYMENT,3,15.0,20
BOD089,MANAGEMENT,1,5.0,20
BOD089,BAR_DRINKS,5,25.0,20
BOD090,STAFF,9,100.0,9
BOD090,CLEANLINESS,7,77.8,9
BOD090,HYGIENE,1,11.1,9
BOD090,FOOD,8,88.9,9
BOD090,ROOM,7,77.8,9
BOD090,BED_COMFORT,2,22.2,9
BOD090,BEACH_SEA,7,77.8,9
BOD090,POOL,2,22.2,9
BOD090,SERVICE,2,22.2,9
BOD090,PRICE_VALUE,4,44.4,9
BOD090,LOCATION,7,77.8,9
BOD090,FACILITIES,3,33.3,9
BOD090,NOISE,3,33.3,9
BOD090,CHECKIN_CHECKOUT,2,22.2,9
BOD090,REFUND_PAYMENT,1,11.1,9
BOD090,BAR_DRINKS,4,44.4,9
BOD095,STAFF,8,80.0,10
BOD095,CLEANLINESS,5,50.0,10
BOD095,FOOD,7,70.0,10
BOD095,ROOM,7,70.0,10
BOD095,BED_COMFORT,2,20.0,10
BOD095,BEACH_SEA,6,60.0,10
BOD095,POOL,1,10.0,10
BOD095,SERVICE,4,40.0,10
BOD095,PRICE_VALUE,3,30.0,10
BOD095,LOCATION,8,80.0,10
BOD095,FAMILY_KIDS,1,10.0,10
BOD095,CHECKIN_CHECKOUT,4,40.0,10
BOD095,MANAGEMENT,1,10.0,10
BOD095,COMMUNICATION,1,10.0,10
BOD095,BAR_DRINKS,3,30.0,10
BOD096,STAFF,5,50.0,10
BOD096,CLEANLINESS,7,70.0,10
BOD096,FOOD,2,20.0,10
BOD096,ROOM,6,60.0,10
BOD096,BED_COMFORT,1,10.0,10
BOD096,BEACH_SEA,3,30.0,10
BOD096,POOL,1,10.0,10
BOD096,SERVICE,4,40.0,10
BOD096,PRICE_VALUE,1,10.0,10
BOD096,LOCATION,5,50.0,10
BOD096,NOISE,1,10.0,10
BOD096,FAMILY_KIDS,3,30.0,10
BOD096,RESERVATION,1,10.0,10
BOD096,MANAGEMENT,1,10.0,10
BOD098,STAFF,16,55.2,29
BOD098,CLEANLINESS,8,27.6,29
BOD098,HYGIENE,1,3.4,29
BOD098,FOOD,12,41.4,29
BOD098,ROOM,16,55.2,29
BOD098,BED_COMFORT,3,10.3,29
BOD098,BEACH_SEA,5,17.2,29
BOD098,POOL,3,10.3,29
BOD098,SERVICE,13,44.8,29
BOD098,PRICE_VALUE,3,10.3,29
BOD098,LOCATION,9,31.0,29
BOD098,FACILITIES,5,17.2,29
BOD098,NOISE,5,17.2,29
BOD098,FAMILY_KIDS,2,6.9,29
BOD098,CHECKIN_CHECKOUT,7,24.1,29
BOD098,RESERVATION,2,6.9,29
BOD098,REFUND_PAYMENT,1,3.4,29
BOD098,TRANSPORT_TRANSFER,2,6.9,29
BOD098,MANAGEMENT,3,10.3,29
BOD098,COMMUNICATION,2,6.9,29
BOD098,BAR_DRINKS,6,20.7,29
BOD099,CLEANLINESS,5,50.0,10
BOD099,FOOD,9,90.0,10
BOD099,ROOM,6,60.0,10
BOD099,BEACH_SEA,2,20.0,10
BOD099,POOL,1,10.0,10
BOD099,SERVICE,1,10.0,10
BOD099,NOISE,3,30.0,10
BOD099,FAMILY_KIDS,5,50.0,10
BOD099,MANAGEMENT,8,80.0,10
BOD099,COMMUNICATION,1,10.0,10
BOD101,STAFF,6,60.0,10
BOD101,CLEANLINESS,6,60.0,10
BOD101,FOOD,5,50.0,10
BOD101,ROOM,5,50.0,10
BOD101,BEACH_SEA,4,40.0,10
BOD101,POOL,2,20.0,10
BOD101,SERVICE,1,10.0,10
BOD101,LOCATION,6,60.0,10
BOD101,FACILITIES,1,10.0,10
BOD101,FAMILY_KIDS,2,20.0,10
BOD101,REFUND_PAYMENT,1,10.0,10
BOD101,MANAGEMENT,1,10.0,10
BOD101,BAR_DRINKS,2,20.0,10
BOD101,WIFI,1,10.0,10
BOD102,STAFF,5,50.0,10
BOD102,CLEANLINESS,6,60.0,10
BOD102,FOOD,1,10.0,10
BOD102,ROOM,6,60.0,10
BOD102,BED_COMFORT,2,20.0,10
BOD102,BEACH_SEA,1,10.0,10
BOD102,POOL,1,10.0,10
BOD102,SERVICE,2,20.0,10
BOD102,PRICE_VALUE,4,40.0,10
BOD102,LOCATION,4,40.0,10
BOD102,FACILITIES,1,10.0,10
BOD102,NOISE,1,10.0,10
BOD102,CHECKIN_CHECKOUT,1,10.0,10
BOD102,REFUND_PAYMENT,1,10.0,10
BOD102,BAR_DRINKS,1,10.0,10
BOD104,STAFF,12,44.4,27
BOD104,CLEANLINESS,15,55.6,27
BOD104,HYGIENE,5,18.5,27
BOD104,FOOD,17,63.0,27
BOD104,ROOM,23,85.2,27
BOD104,BED_COMFORT,6,22.2,27
BOD104,BEACH_SEA,11,40.7,27
BOD104,POOL,8,29.6,27
BOD104,SERVICE,8,29.6,27
BOD104,PRICE_VALUE,11,40.7,27
BOD104,LOCATION,11,40.7,27
BOD104,FACILITIES,7,25.9,27
BOD104,NOISE,9,33.3,27
BOD104,FAMILY_KIDS,5,18.5,27
BOD104,ANIMATION_ENTERTAINMENT,5,18.5,27
BOD104,AIR_CONDITIONING,1,3.7,27
BOD104,CHECKIN_CHECKOUT,9,33.3,27
BOD104,RESERVATION,4,14.8,27
BOD104,REFUND_PAYMENT,2,7.4,27
BOD104,TRANSPORT_TRANSFER,1,3.7,27
BOD104,MANAGEMENT,3,11.1,27
BOD104,COMMUNICATION,2,7.4,27
BOD104,BAR_DRINKS,13,48.1,27
BOD105,STAFF,23,57.5,40
BOD105,CLEANLINESS,13,32.5,40
BOD105,HYGIENE,2,5.0,40
BOD105,FOOD,20,50.0,40
BOD105,ROOM,15,37.5,40
BOD105,BED_COMFORT,3,7.5,40
BOD105,BEACH_SEA,13,32.5,40
BOD105,POOL,8,20.0,40
BOD105,SERVICE,12,30.0,40
BOD105,PRICE_VALUE,9,22.5,40
BOD105,LOCATION,15,37.5,40
BOD105,FACILITIES,3,7.5,40
BOD105,NOISE,9,22.5,40
BOD105,FAMILY_KIDS,5,12.5,40
BOD105,AIR_CONDITIONING,1,2.5,40
BOD105,CHECKIN_CHECKOUT,4,10.0,40
BOD105,RESERVATION,3,7.5,40
BOD105,REFUND_PAYMENT,3,7.5,40
BOD105,MANAGEMENT,7,17.5,40
BOD105,COMMUNICATION,2,5.0,40
BOD105,BAR_DRINKS,14,35.0,40
BOD106,STAFF,9,81.8,11
BOD106,CLEANLINESS,6,54.5,11
BOD106,HYGIENE,1,9.1,11
BOD106,FOOD,8,72.7,11
BOD106,ROOM,10,90.9,11
BOD106,BED_COMFORT,3,27.3,11
BOD106,BEACH_SEA,8,72.7,11
BOD106,POOL,3,27.3,11
BOD106,SERVICE,6,54.5,11
BOD106,PRICE_VALUE,4,36.4,11
BOD106,LOCATION,6,54.5,11
BOD106,FACILITIES,8,72.7,11
BOD106,NOISE,4,36.4,11
BOD106,FAMILY_KIDS,2,18.2,11
BOD106,ANIMATION_ENTERTAINMENT,3,27.3,11
BOD106,CHECKIN_CHECKOUT,4,36.4,11
BOD106,RESERVATION,3,27.3,11
BOD106,REFUND_PAYMENT,3,27.3,11
BOD106,MANAGEMENT,1,9.1,11
BOD106,COMMUNICATION,1,9.1,11
BOD106,BAR_DRINKS,5,45.5,11
BOD107,STAFF,5,50.0,10
BOD107,CLEANLINESS,5,50.0,10
BOD107,FOOD,4,40.0,10
BOD107,ROOM,7,70.0,10
BOD107,BEACH_SEA,5,50.0,10
BOD107,POOL,2,20.0,10
BOD107,SERVICE,4,40.0,10
BOD107,PRICE_VALUE,1,10.0,10
BOD107,LOCATION,4,40.0,10
BOD107,FACILITIES,4,40.0,10
BOD107,NOISE,3,30.0,10
BOD107,RESERVATION,1,10.0,10
BOD107,MANAGEMENT,2,20.0,10
BOD107,BAR_DRINKS,1,10.0,10
BOD108,STAFF,5,55.6,9
BOD108,CLEANLINESS,4,44.4,9
BOD108,FOOD,7,77.8,9
BOD108,ROOM,7,77.8,9
BOD108,BED_COMFORT,1,11.1,9
BOD108,BEACH_SEA,7,77.8,9
BOD108,SERVICE,6,66.7,9
BOD108,PRICE_VALUE,5,55.6,9
BOD108,LOCATION,4,44.4,9
BOD108,FACILITIES,3,33.3,9
BOD108,NOISE,3,33.3,9
BOD108,FAMILY_KIDS,2,22.2,9
BOD108,ANIMATION_ENTERTAINMENT,2,22.2,9
BOD108,CHECKIN_CHECKOUT,1,11.1,9
BOD108,RESERVATION,3,33.3,9
BOD108,REFUND_PAYMENT,1,11.1,9
BOD108,MANAGEMENT,1,11.1,9
BOD108,COMMUNICATION,1,11.1,9
BOD108,BAR_DRINKS,2,22.2,9
BOD109,STAFF,31,72.1,43
BOD109,CLEANLINESS,24,55.8,43
BOD109,HYGIENE,4,9.3,43
BOD109,FOOD,30,69.8,43
BOD109,ROOM,33,76.7,43
BOD109,BED_COMFORT,9,20.9,43
BOD109,BEACH_SEA,23,53.5,43
BOD109,POOL,3,7.0,43
BOD109,SERVICE,19,44.2,43
BOD109,PRICE_VALUE,13,30.2,43
BOD109,LOCATION,21,48.8,43
BOD109,FACILITIES,19,44.2,43
BOD109,NOISE,13,30.2,43
BOD109,FAMILY_KIDS,5,11.6,43
BOD109,ANIMATION_ENTERTAINMENT,1,2.3,43
BOD109,AIR_CONDITIONING,1,2.3,43
BOD109,CHECKIN_CHECKOUT,4,9.3,43
BOD109,RESERVATION,3,7.0,43
BOD109,MANAGEMENT,7,16.3,43
BOD109,COMMUNICATION,2,4.7,43
BOD109,BAR_DRINKS,15,34.9,43
BOD109,WIFI,1,2.3,43
BOD111,STAFF,20,66.7,30
BOD111,CLEANLINESS,17,56.7,30
BOD111,HYGIENE,1,3.3,30
BOD111,FOOD,23,76.7,30
BOD111,ROOM,15,50.0,30
BOD111,BED_COMFORT,3,10.0,30
BOD111,BEACH_SEA,13,43.3,30
BOD111,POOL,1,3.3,30
BOD111,SERVICE,5,16.7,30
BOD111,PRICE_VALUE,7,23.3,30
BOD111,LOCATION,12,40.0,30
BOD111,NOISE,8,26.7,30
BOD111,FAMILY_KIDS,2,6.7,30
BOD111,ANIMATION_ENTERTAINMENT,1,3.3,30
BOD111,CHECKIN_CHECKOUT,2,6.7,30
BOD111,RESERVATION,5,16.7,30
BOD111,REFUND_PAYMENT,2,6.7,30
BOD111,MANAGEMENT,4,13.3,30
BOD111,BAR_DRINKS,5,16.7,30
BOD111,WIFI,1,3.3,30
BOD113,STAFF,6,54.5,11
BOD113,CLEANLINESS,6,54.5,11
BOD113,FOOD,6,54.5,11
BOD113,ROOM,7,63.6,11
BOD113,BED_COMFORT,2,18.2,11
BOD113,BEACH_SEA,5,45.5,11
BOD113,POOL,2,18.2,11
BOD113,SERVICE,3,27.3,11
BOD113,PRICE_VALUE,4,36.4,11
BOD113,LOCATION,3,27.3,11
BOD113,FACILITIES,3,27.3,11
BOD113,NOISE,1,9.1,11
BOD113,FAMILY_KIDS,4,36.4,11
BOD113,ANIMATION_ENTERTAINMENT,4,36.4,11
BOD113,AIR_CONDITIONING,1,9.1,11
BOD113,CHECKIN_CHECKOUT,3,27.3,11
BOD113,RESERVATION,2,18.2,11
BOD113,REFUND_PAYMENT,1,9.1,11
BOD113,MANAGEMENT,3,27.3,11
BOD113,BAR_DRINKS,5,45.5,11
BOD113,WIFI,1,9.1,11
BOD119,STAFF,5,50.0,10
BOD119,CLEANLINESS,6,60.0,10
BOD119,HYGIENE,1,10.0,10
BOD119,FOOD,1,10.0,10
BOD119,ROOM,8,80.0,10
BOD119,BED_COMFORT,4,40.0,10
BOD119,BEACH_SEA,5,50.0,10
BOD119,POOL,6,60.0,10
BOD119,SERVICE,1,10.0,10
BOD119,PRICE_VALUE,1,10.0,10
BOD119,LOCATION,3,30.0,10
BOD119,FACILITIES,2,20.0,10
BOD119,NOISE,3,30.0,10
BOD119,FAMILY_KIDS,4,40.0,10
BOD119,RESERVATION,1,10.0,10
BOD119,MANAGEMENT,3,30.0,10
BOD119,BAR_DRINKS,1,10.0,10
BOD120,STAFF,5,50.0,10
BOD120,CLEANLINESS,6,60.0,10
BOD120,HYGIENE,1,10.0,10
BOD120,FOOD,7,70.0,10
BOD120,ROOM,7,70.0,10
BOD120,BED_COMFORT,3,30.0,10
BOD120,BEACH_SEA,5,50.0,10
BOD120,POOL,6,60.0,10
BOD120,SERVICE,2,20.0,10
BOD120,PRICE_VALUE,1,10.0,10
BOD120,LOCATION,4,40.0,10
BOD120,FACILITIES,3,30.0,10
BOD120,NOISE,3,30.0,10
BOD120,FAMILY_KIDS,1,10.0,10
BOD120,RESERVATION,2,20.0,10
BOD120,REFUND_PAYMENT,2,20.0,10
BOD120,COMMUNICATION,1,10.0,10
BOD120,BAR_DRINKS,3,30.0,10
BOD122,STAFF,5,50.0,10
BOD122,CLEANLINESS,6,60.0,10
BOD122,FOOD,10,100.0,10
BOD122,ROOM,6,60.0,10
BOD122,BED_COMFORT,5,50.0,10
BOD122,BEACH_SEA,7,70.0,10
BOD122,SERVICE,1,10.0,10
BOD122,PRICE_VALUE,2,20.0,10
BOD122,LOCATION,2,20.0,10
BOD122,FACILITIES,2,20.0,10
BOD122,FAMILY_KIDS,2,20.0,10
BOD122,MANAGEMENT,1,10.0,10
BOD122,BAR_DRINKS,3,30.0,10
BOD123,STAFF,14,50.0,28
BOD123,CLEANLINESS,9,32.1,28
BOD123,HYGIENE,1,3.6,28
BOD123,FOOD,10,35.7,28
BOD123,ROOM,15,53.6,28
BOD123,BED_COMFORT,9,32.1,28
BOD123,BEACH_SEA,19,67.9,28
BOD123,POOL,1,3.6,28
BOD123,SERVICE,5,17.9,28
BOD123,PRICE_VALUE,11,39.3,28
BOD123,LOCATION,14,50.0,28
BOD123,FACILITIES,4,14.3,28
BOD123,NOISE,8,28.6,28
BOD123,FAMILY_KIDS,9,32.1,28
BOD123,CHECKIN_CHECKOUT,6,21.4,28
BOD123,RESERVATION,5,17.9,28
BOD123,REFUND_PAYMENT,2,7.1,28
BOD123,MANAGEMENT,8,28.6,28
BOD123,COMMUNICATION,1,3.6,28
BOD123,BAR_DRINKS,4,14.3,28
BOD123,WIFI,1,3.6,28
BOD125,STAFF,13,48.1,27
BOD125,CLEANLINESS,15,55.6,27
BOD125,FOOD,16,59.3,27
BOD125,ROOM,6,22.2,27
BOD125,BED_COMFORT,6,22.2,27
BOD125,BEACH_SEA,21,77.8,27
BOD125,SERVICE,16,59.3,27
BOD125,PRICE_VALUE,12,44.4,27
BOD125,LOCATION,7,25.9,27
BOD125,FACILITIES,5,18.5,27
BOD125,NOISE,4,14.8,27
BOD125,FAMILY_KIDS,7,25.9,27
BOD125,AIR_CONDITIONING,1,3.7,27
BOD125,CHECKIN_CHECKOUT,3,11.1,27
BOD125,RESERVATION,2,7.4,27
BOD125,REFUND_PAYMENT,1,3.7,27
BOD125,MANAGEMENT,4,14.8,27
BOD125,COMMUNICATION,2,7.4,27
BOD125,BAR_DRINKS,7,25.9,27
BOD126,STAFF,7,77.8,9
BOD126,CLEANLINESS,7,77.8,9
BOD126,FOOD,7,77.8,9
BOD126,ROOM,7,77.8,9
BOD126,BED_COMFORT,3,33.3,9
BOD126,BEACH_SEA,6,66.7,9
BOD126,POOL,1,11.1,9
BOD126,SERVICE,2,22.2,9
BOD126,PRICE_VALUE,3,33.3,9
BOD126,LOCATION,3,33.3,9
BOD126,FACILITIES,3,33.3,9
BOD126,FAMILY_KIDS,5,55.6,9
BOD126,CHECKIN_CHECKOUT,3,33.3,9
BOD126,MANAGEMENT,1,11.1,9
BOD126,BAR_DRINKS,5,55.6,9
BOD127,STAFF,17,60.7,28
BOD127,CLEANLINESS,18,64.3,28
BOD127,HYGIENE,1,3.6,28
BOD127,FOOD,17,60.7,28
BOD127,ROOM,15,53.6,28
BOD127,BED_COMFORT,3,10.7,28
BOD127,BEACH_SEA,8,28.6,28
BOD127,POOL,7,25.0,28
BOD127,SERVICE,9,32.1,28
BOD127,PRICE_VALUE,9,32.1,28
BOD127,LOCATION,10,35.7,28
BOD127,FACILITIES,3,10.7,28
BOD127,NOISE,10,35.7,28
BOD127,FAMILY_KIDS,5,17.9,28
BOD127,ANIMATION_ENTERTAINMENT,1,3.6,28
BOD127,AIR_CONDITIONING,2,7.1,28
BOD127,CHECKIN_CHECKOUT,3,10.7,28
BOD127,RESERVATION,4,14.3,28
BOD127,REFUND_PAYMENT,1,3.6,28
BOD127,MANAGEMENT,2,7.1,28
BOD127,BAR_DRINKS,10,35.7,28
BOD127,WIFI,1,3.6,28
BOD128,STAFF,54,62.1,87
BOD128,CLEANLINESS,56,64.4,87
BOD128,HYGIENE,5,5.7,87
BOD128,FOOD,52,59.8,87
BOD128,ROOM,55,63.2,87
BOD128,BED_COMFORT,22,25.3,87
BOD128,BEACH_SEA,50,57.5,87
BOD128,POOL,11,12.6,87
BOD128,SERVICE,13,14.9,87
BOD128,PRICE_VALUE,14,16.1,87
BOD128,LOCATION,30,34.5,87
BOD128,FACILITIES,17,19.5,87
BOD128,NOISE,16,18.4,87
BOD128,FAMILY_KIDS,22,25.3,87
BOD128,ANIMATION_ENTERTAINMENT,1,1.1,87
BOD128,AIR_CONDITIONING,4,4.6,87
BOD128,CHECKIN_CHECKOUT,7,8.0,87
BOD128,RESERVATION,4,4.6,87
BOD128,REFUND_PAYMENT,3,3.4,87
BOD128,TRANSPORT_TRANSFER,1,1.1,87
BOD128,MANAGEMENT,13,14.9,87
BOD128,COMMUNICATION,1,1.1,87
BOD128,BAR_DRINKS,17,19.5,87
BOD128,WIFI,1,1.1,87
BOD129,STAFF,7,35.0,20
BOD129,CLEANLINESS,8,40.0,20
BOD129,FOOD,12,60.0,20
BOD129,ROOM,7,35.0,20
BOD129,BED_COMFORT,1,5.0,20
BOD129,BEACH_SEA,14,70.0,20
BOD129,SERVICE,3,15.0,20
BOD129,PRICE_VALUE,6,30.0,20
BOD129,LOCATION,4,20.0,20
BOD129,NOISE,5,25.0,20
BOD129,CHECKIN_CHECKOUT,2,10.0,20
BOD129,MANAGEMENT,3,15.0,20
BOD129,BAR_DRINKS,2,10.0,20
BOD130,STAFF,8,80.0,10
BOD130,CLEANLINESS,8,80.0,10
BOD130,HYGIENE,5,50.0,10
BOD130,FOOD,9,90.0,10
BOD130,ROOM,8,80.0,10
BOD130,BED_COMFORT,4,40.0,10
BOD130,BEACH_SEA,10,100.0,10
BOD130,POOL,1,10.0,10
BOD130,SERVICE,3,30.0,10
BOD130,PRICE_VALUE,4,40.0,10
BOD130,LOCATION,3,30.0,10
BOD130,FACILITIES,2,20.0,10
BOD130,NOISE,6,60.0,10
BOD130,FAMILY_KIDS,2,20.0,10
BOD130,ANIMATION_ENTERTAINMENT,3,30.0,10
BOD130,CHECKIN_CHECKOUT,1,10.0,10
BOD130,RESERVATION,3,30.0,10
BOD130,REFUND_PAYMENT,1,10.0,10
BOD130,MANAGEMENT,2,20.0,10
BOD130,COMMUNICATION,1,10.0,10
BOD130,BAR_DRINKS,6,60.0,10
BOD130,WIFI,1,10.0,10
BOD131,STAFF,11,55.0,20
BOD131,CLEANLINESS,13,65.0,20
BOD131,HYGIENE,1,5.0,20
BOD131,FOOD,17,85.0,20
BOD131,ROOM,16,80.0,20
BOD131,BED_COMFORT,4,20.0,20
BOD131,BEACH_SEA,14,70.0,20
BOD131,POOL,1,5.0,20
BOD131,SERVICE,11,55.0,20
BOD131,PRICE_VALUE,6,30.0,20
BOD131,LOCATION,5,25.0,20
BOD131,FACILITIES,4,20.0,20
BOD131,NOISE,3,15.0,20
BOD131,FAMILY_KIDS,4,20.0,20
BOD131,CHECKIN_CHECKOUT,4,20.0,20
BOD131,RESERVATION,1,5.0,20
BOD131,MANAGEMENT,3,15.0,20
BOD131,BAR_DRINKS,8,40.0,20
BOD132,STAFF,15,68.2,22
BOD132,CLEANLINESS,8,36.4,22
BOD132,HYGIENE,2,9.1,22
BOD132,FOOD,13,59.1,22
BOD132,ROOM,8,36.4,22
BOD132,BED_COMFORT,3,13.6,22
BOD132,BEACH_SEA,6,27.3,22
BOD132,SERVICE,10,45.5,22
BOD132,PRICE_VALUE,3,13.6,22
BOD132,LOCATION,9,40.9,22
BOD132,FACILITIES,4,18.2,22
BOD132,NOISE,2,9.1,22
BOD132,FAMILY_KIDS,9,40.9,22
BOD132,MANAGEMENT,5,22.7,22
BOD132,BAR_DRINKS,15,68.2,22
BOD133,STAFF,9,90.0,10
BOD133,CLEANLINESS,3,30.0,10
BOD133,HYGIENE,1,10.0,10
BOD133,FOOD,6,60.0,10
BOD133,ROOM,3,30.0,10
BOD133,BED_COMFORT,1,10.0,10
BOD133,BEACH_SEA,7,70.0,10
BOD133,SERVICE,1,10.0,10
BOD133,PRICE_VALUE,5,50.0,10
BOD133,LOCATION,1,10.0,10
BOD133,NOISE,3,30.0,10
BOD133,FAMILY_KIDS,2,20.0,10
BOD133,ANIMATION_ENTERTAINMENT,1,10.0,10
BOD133,AIR_CONDITIONING,1,10.0,10
BOD133,CHECKIN_CHECKOUT,1,10.0,10
BOD133,REFUND_PAYMENT,1,10.0,10
BOD133,MANAGEMENT,3,30.0,10
BOD133,BAR_DRINKS,3,30.0,10
BOD134,STAFF,6,60.0,10
BOD134,CLEANLINESS,5,50.0,10
BOD134,HYGIENE,3,30.0,10
BOD134,FOOD,7,70.0,10
BOD134,ROOM,4,40.0,10
BOD134,BED_COMFORT,5,50.0,10
BOD134,BEACH_SEA,4,40.0,10
BOD134,POOL,2,20.0,10
BOD134,SERVICE,3,30.0,10
BOD134,PRICE_VALUE,6,60.0,10
BOD134,LOCATION,2,20.0,10
BOD134,FACILITIES,1,10.0,10
BOD134,NOISE,1,10.0,10
BOD134,FAMILY_KIDS,4,40.0,10
BOD134,AIR_CONDITIONING,1,10.0,10
BOD134,CHECKIN_CHECKOUT,2,20.0,10
BOD134,REFUND_PAYMENT,1,10.0,10
BOD134,MANAGEMENT,4,40.0,10
BOD134,COMMUNICATION,1,10.0,10
BOD134,BAR_DRINKS,2,20.0,10
BOD136,STAFF,6,60.0,10
BOD136,CLEANLINESS,4,40.0,10
BOD136,HYGIENE,1,10.0,10
BOD136,FOOD,9,90.0,10
BOD136,ROOM,3,30.0,10
BOD136,BED_COMFORT,1,10.0,10
BOD136,BEACH_SEA,6,60.0,10
BOD136,POOL,2,20.0,10
BOD136,SERVICE,3,30.0,10
BOD136,PRICE_VALUE,2,20.0,10
BOD136,LOCATION,5,50.0,10
BOD136,FACILITIES,3,30.0,10
BOD136,NOISE,2,20.0,10
BOD136,FAMILY_KIDS,2,20.0,10
BOD136,ANIMATION_ENTERTAINMENT,1,10.0,10
BOD136,CHECKIN_CHECKOUT,2,20.0,10
BOD136,MANAGEMENT,2,20.0,10
BOD136,BAR_DRINKS,4,40.0,10
BOD140,STAFF,9,90.0,10
BOD140,CLEANLINESS,8,80.0,10
BOD140,HYGIENE,5,50.0,10
BOD140,FOOD,10,100.0,10
BOD140,ROOM,10,100.0,10
BOD140,BED_COMFORT,5,50.0,10
BOD140,BEACH_SEA,8,80.0,10
BOD140,POOL,5,50.0,10
BOD140,SERVICE,7,70.0,10
BOD140,PRICE_VALUE,6,60.0,10
BOD140,LOCATION,5,50.0,10
BOD140,FACILITIES,7,70.0,10
BOD140,NOISE,3,30.0,10
BOD140,FAMILY_KIDS,3,30.0,10
BOD140,AIR_CONDITIONING,1,10.0,10
BOD140,CHECKIN_CHECKOUT,4,40.0,10
BOD140,RESERVATION,5,50.0,10
BOD140,REFUND_PAYMENT,3,30.0,10
BOD140,MANAGEMENT,1,10.0,10
BOD140,COMMUNICATION,2,20.0,10
BOD140,BAR_DRINKS,8,80.0,10
BOD140,WIFI,1,10.0,10
BOD143,STAFF,8,88.9,9
BOD143,CLEANLINESS,6,66.7,9
BOD143,FOOD,6,66.7,9
BOD143,ROOM,5,55.6,9
BOD143,BED_COMFORT,4,44.4,9
BOD143,POOL,4,44.4,9
BOD143,SERVICE,3,33.3,9
BOD143,PRICE_VALUE,1,11.1,9
BOD143,LOCATION,3,33.3,9
BOD143,FACILITIES,3,33.3,9
BOD143,NOISE,5,55.6,9
BOD143,FAMILY_KIDS,2,22.2,9
BOD143,CHECKIN_CHECKOUT,2,22.2,9
BOD143,MANAGEMENT,2,22.2,9
BOD143,BAR_DRINKS,3,33.3,9
BOD145,STAFF,19,73.1,26
BOD145,CLEANLINESS,14,53.8,26
BOD145,HYGIENE,3,11.5,26
BOD145,FOOD,16,61.5,26
BOD145,ROOM,17,65.4,26
BOD145,BED_COMFORT,7,26.9,26
BOD145,BEACH_SEA,15,57.7,26
BOD145,POOL,5,19.2,26
BOD145,SERVICE,11,42.3,26
BOD145,PRICE_VALUE,10,38.5,26
BOD145,LOCATION,7,26.9,26
BOD145,FACILITIES,6,23.1,26
BOD145,NOISE,7,26.9,26
BOD145,FAMILY_KIDS,4,15.4,26
BOD145,CHECKIN_CHECKOUT,5,19.2,26
BOD145,RESERVATION,3,11.5,26
BOD145,MANAGEMENT,9,34.6,26
BOD145,COMMUNICATION,2,7.7,26
BOD145,BAR_DRINKS,14,53.8,26
BOD145,WIFI,1,3.8,26
BOD146,STAFF,18,42.9,42
BOD146,CLEANLINESS,29,69.0,42
BOD146,HYGIENE,3,7.1,42
BOD146,FOOD,28,66.7,42
BOD146,ROOM,26,61.9,42
BOD146,BED_COMFORT,7,16.7,42
BOD146,BEACH_SEA,14,33.3,42
BOD146,POOL,11,26.2,42
BOD146,SERVICE,7,16.7,42
BOD146,PRICE_VALUE,10,23.8,42
BOD146,LOCATION,25,59.5,42
BOD146,FACILITIES,7,16.7,42
BOD146,NOISE,11,26.2,42
BOD146,FAMILY_KIDS,6,14.3,42
BOD146,ANIMATION_ENTERTAINMENT,1,2.4,42
BOD146,AIR_CONDITIONING,3,7.1,42
BOD146,CHECKIN_CHECKOUT,3,7.1,42
BOD146,RESERVATION,1,2.4,42
BOD146,MANAGEMENT,9,21.4,42
BOD146,BAR_DRINKS,6,14.3,42
BOD146,WIFI,1,2.4,42
BOD147,STAFF,5,50.0,10
BOD147,CLEANLINESS,4,40.0,10
BOD147,FOOD,7,70.0,10
BOD147,ROOM,5,50.0,10
BOD147,BED_COMFORT,3,30.0,10
BOD147,BEACH_SEA,6,60.0,10
BOD147,POOL,3,30.0,10
BOD147,SERVICE,1,10.0,10
BOD147,PRICE_VALUE,3,30.0,10
BOD147,LOCATION,4,40.0,10
BOD147,FACILITIES,1,10.0,10
BOD147,NOISE,6,60.0,10
BOD147,FAMILY_KIDS,4,40.0,10
BOD147,CHECKIN_CHECKOUT,1,10.0,10
BOD147,RESERVATION,1,10.0,10
BOD147,MANAGEMENT,2,20.0,10
BOD147,BAR_DRINKS,2,20.0,10
BOD148,STAFF,14,70.0,20
BOD148,CLEANLINESS,7,35.0,20
BOD148,HYGIENE,1,5.0,20
BOD148,FOOD,14,70.0,20
BOD148,ROOM,9,45.0,20
BOD148,BED_COMFORT,2,10.0,20
BOD148,BEACH_SEA,12,60.0,20
BOD148,POOL,4,20.0,20
BOD148,SERVICE,10,50.0,20
BOD148,PRICE_VALUE,9,45.0,20
BOD148,LOCATION,11,55.0,20
BOD148,FACILITIES,10,50.0,20
BOD148,NOISE,7,35.0,20
BOD148,FAMILY_KIDS,6,30.0,20
BOD148,ANIMATION_ENTERTAINMENT,7,35.0,20
BOD148,AIR_CONDITIONING,1,5.0,20
BOD148,CHECKIN_CHECKOUT,1,5.0,20
BOD148,RESERVATION,2,10.0,20
BOD148,REFUND_PAYMENT,2,10.0,20
BOD148,MANAGEMENT,2,10.0,20
BOD148,COMMUNICATION,2,10.0,20
BOD148,BAR_DRINKS,11,55.0,20
BOD150,STAFF,12,60.0,20
BOD150,CLEANLINESS,13,65.0,20
BOD150,HYGIENE,2,10.0,20
BOD150,FOOD,15,75.0,20
BOD150,ROOM,15,75.0,20
BOD150,BED_COMFORT,6,30.0,20
BOD150,BEACH_SEA,12,60.0,20
BOD150,POOL,7,35.0,20
BOD150,SERVICE,9,45.0,20
BOD150,PRICE_VALUE,10,50.0,20
BOD150,LOCATION,4,20.0,20
BOD150,FACILITIES,8,40.0,20
BOD150,NOISE,11,55.0,20
BOD150,FAMILY_KIDS,9,45.0,20
BOD150,ANIMATION_ENTERTAINMENT,7,35.0,20
BOD150,AIR_CONDITIONING,1,5.0,20
BOD150,CHECKIN_CHECKOUT,3,15.0,20
BOD150,RESERVATION,4,20.0,20
BOD150,REFUND_PAYMENT,3,15.0,20
BOD150,MANAGEMENT,4,20.0,20
BOD150,COMMUNICATION,2,10.0,20
BOD150,BAR_DRINKS,11,55.0,20
BOD152,STAFF,15,75.0,20
BOD152,CLEANLINESS,12,60.0,20
BOD152,HYGIENE,3,15.0,20
BOD152,FOOD,13,65.0,20
BOD152,ROOM,11,55.0,20
BOD152,BED_COMFORT,4,20.0,20
BOD152,BEACH_SEA,9,45.0,20
BOD152,POOL,4,20.0,20
BOD152,SERVICE,6,30.0,20
BOD152,PRICE_VALUE,2,10.0,20
BOD152,LOCATION,6,30.0,20
BOD152,FACILITIES,9,45.0,20
BOD152,NOISE,5,25.0,20
BOD152,FAMILY_KIDS,2,10.0,20
BOD152,ANIMATION_ENTERTAINMENT,1,5.0,20
BOD152,CHECKIN_CHECKOUT,6,30.0,20
BOD152,RESERVATION,1,5.0,20
BOD152,REFUND_PAYMENT,1,5.0,20
BOD152,MANAGEMENT,5,25.0,20
BOD152,COMMUNICATION,2,10.0,20
BOD152,BAR_DRINKS,5,25.0,20
BOD153,STAFF,9,90.0,10
BOD153,CLEANLINESS,5,50.0,10
BOD153,HYGIENE,2,20.0,10
BOD153,FOOD,7,70.0,10
BOD153,ROOM,7,70.0,10
BOD153,BED_COMFORT,2,20.0,10
BOD153,BEACH_SEA,7,70.0,10
BOD153,POOL,3,30.0,10
BOD153,SERVICE,9,90.0,10
BOD153,PRICE_VALUE,4,40.0,10
BOD153,LOCATION,5,50.0,10
BOD153,FACILITIES,6,60.0,10
BOD153,NOISE,2,20.0,10
BOD153,FAMILY_KIDS,6,60.0,10
BOD153,ANIMATION_ENTERTAINMENT,4,40.0,10
BOD153,AIR_CONDITIONING,1,10.0,10
BOD153,CHECKIN_CHECKOUT,4,40.0,10
BOD153,RESERVATION,2,20.0,10
BOD153,REFUND_PAYMENT,1,10.0,10
BOD153,MANAGEMENT,1,10.0,10
BOD153,COMMUNICATION,1,10.0,10
BOD153,BAR_DRINKS,8,80.0,10
BOD155,STAFF,5,50.0,10
BOD155,CLEANLINESS,3,30.0,10
BOD155,HYGIENE,2,20.0,10
BOD155,FOOD,5,50.0,10
BOD155,ROOM,4,40.0,10
BOD155,BEACH_SEA,5,50.0,10
BOD155,POOL,3,30.0,10
BOD155,SERVICE,3,30.0,10
BOD155,PRICE_VALUE,3,30.0,10
BOD155,LOCATION,4,40.0,10
BOD155,FACILITIES,3,30.0,10
BOD155,NOISE,1,10.0,10
BOD155,FAMILY_KIDS,1,10.0,10
BOD155,ANIMATION_ENTERTAINMENT,2,20.0,10
BOD155,CHECKIN_CHECKOUT,1,10.0,10
BOD155,REFUND_PAYMENT,2,20.0,10
BOD155,MANAGEMENT,2,20.0,10
BOD155,BAR_DRINKS,5,50.0,10
BOD156,STAFF,8,80.0,10
BOD156,CLEANLINESS,8,80.0,10
BOD156,FOOD,9,90.0,10
BOD156,ROOM,8,80.0,10
BOD156,BED_COMFORT,4,40.0,10
BOD156,BEACH_SEA,7,70.0,10
BOD156,POOL,6,60.0,10
BOD156,SERVICE,8,80.0,10
BOD156,PRICE_VALUE,5,50.0,10
BOD156,LOCATION,3,30.0,10
BOD156,FACILITIES,4,40.0,10
BOD156,NOISE,4,40.0,10
BOD156,FAMILY_KIDS,7,70.0,10
BOD156,ANIMATION_ENTERTAINMENT,3,30.0,10
BOD156,CHECKIN_CHECKOUT,2,20.0,10
BOD156,RESERVATION,2,20.0,10
BOD156,REFUND_PAYMENT,2,20.0,10
BOD156,MANAGEMENT,2,20.0,10
BOD156,COMMUNICATION,3,30.0,10
BOD156,BAR_DRINKS,6,60.0,10
BOD161,STAFF,8,80.0,10
BOD161,CLEANLINESS,10,100.0,10
BOD161,HYGIENE,7,70.0,10
BOD161,FOOD,10,100.0,10
BOD161,ROOM,10,100.0,10
BOD161,BED_COMFORT,3,30.0,10
BOD161,BEACH_SEA,8,80.0,10
BOD161,POOL,8,80.0,10
BOD161,SERVICE,8,80.0,10
BOD161,PRICE_VALUE,6,60.0,10
BOD161,LOCATION,8,80.0,10
BOD161,FACILITIES,5,50.0,10
BOD161,NOISE,8,80.0,10
BOD161,FAMILY_KIDS,3,30.0,10
BOD161,ANIMATION_ENTERTAINMENT,3,30.0,10
BOD161,CHECKIN_CHECKOUT,3,30.0,10
BOD161,RESERVATION,4,40.0,10
BOD161,REFUND_PAYMENT,4,40.0,10
BOD161,MANAGEMENT,4,40.0,10
BOD161,COMMUNICATION,2,20.0,10
BOD161,BAR_DRINKS,8,80.0,10
BOD162,STAFF,11,55.0,20
BOD162,CLEANLINESS,11,55.0,20
BOD162,HYGIENE,2,10.0,20
BOD162,FOOD,13,65.0,20
BOD162,ROOM,8,40.0,20
BOD162,BED_COMFORT,7,35.0,20
BOD162,BEACH_SEA,5,25.0,20
BOD162,POOL,5,25.0,20
BOD162,SERVICE,4,20.0,20
BOD162,PRICE_VALUE,4,20.0,20
BOD162,LOCATION,3,15.0,20
BOD162,FACILITIES,6,30.0,20
BOD162,NOISE,2,10.0,20
BOD162,FAMILY_KIDS,4,20.0,20
BOD162,CHECKIN_CHECKOUT,4,20.0,20
BOD162,MANAGEMENT,2,10.0,20
BOD162,COMMUNICATION,1,5.0,20
BOD162,BAR_DRINKS,5,25.0,20
BOD166,STAFF,7,70.0,10
BOD166,CLEANLINESS,2,20.0,10
BOD166,HYGIENE,2,20.0,10
BOD166,FOOD,6,60.0,10
BOD166,ROOM,9,90.0,10
BOD166,BEACH_SEA,2,20.0,10
BOD166,POOL,2,20.0,10
BOD166,SERVICE,7,70.0,10
BOD166,PRICE_VALUE,4,40.0,10
BOD166,LOCATION,3,30.0,10
BOD166,FACILITIES,3,30.0,10
BOD166,NOISE,5,50.0,10
BOD166,FAMILY_KIDS,2,20.0,10
BOD166,CHECKIN_CHECKOUT,2,20.0,10
BOD166,RESERVATION,3,30.0,10
BOD166,REFUND_PAYMENT,1,10.0,10
BOD166,MANAGEMENT,3,30.0,10
BOD166,BAR_DRINKS,2,20.0,10
BOD167,STAFF,4,36.4,11
BOD167,CLEANLINESS,5,45.5,11
BOD167,HYGIENE,1,9.1,11
BOD167,FOOD,9,81.8,11
BOD167,ROOM,8,72.7,11
BOD167,BED_COMFORT,3,27.3,11
BOD167,BEACH_SEA,6,54.5,11
BOD167,POOL,1,9.1,11
BOD167,SERVICE,6,54.5,11
BOD167,PRICE_VALUE,2,18.2,11
BOD167,LOCATION,3,27.3,11
BOD167,FACILITIES,1,9.1,11
BOD167,NOISE,1,9.1,11
BOD167,FAMILY_KIDS,2,18.2,11
BOD167,CHECKIN_CHECKOUT,1,9.1,11
BOD167,RESERVATION,1,9.1,11
BOD167,REFUND_PAYMENT,1,9.1,11
BOD167,COMMUNICATION,1,9.1,11
BOD167,BAR_DRINKS,2,18.2,11
BOD168,STAFF,12,63.2,19
BOD168,CLEANLINESS,4,21.1,19
BOD168,FOOD,7,36.8,19
BOD168,ROOM,6,31.6,19
BOD168,BED_COMFORT,4,21.1,19
BOD168,BEACH_SEA,6,31.6,19
BOD168,POOL,1,5.3,19
BOD168,SERVICE,8,42.1,19
BOD168,PRICE_VALUE,5,26.3,19
BOD168,LOCATION,4,21.1,19
BOD168,FACILITIES,5,26.3,19
BOD168,NOISE,2,10.5,19
BOD168,MANAGEMENT,3,15.8,19
BOD168,COMMUNICATION,1,5.3,19
BOD168,BAR_DRINKS,3,15.8,19
BOD169,STAFF,1,11.1,9
BOD169,CLEANLINESS,1,11.1,9
BOD169,FOOD,3,33.3,9
BOD169,ROOM,2,22.2,9
BOD169,BEACH_SEA,2,22.2,9
BOD169,SERVICE,2,22.2,9
BOD169,PRICE_VALUE,2,22.2,9
BOD169,LOCATION,2,22.2,9
BOD169,NOISE,1,11.1,9
BOD169,AIR_CONDITIONING,1,11.1,9
BOD169,CHECKIN_CHECKOUT,1,11.1,9
BOD169,RESERVATION,1,11.1,9
BOD169,MANAGEMENT,1,11.1,9
BOD169,COMMUNICATION,2,22.2,9
BOD169,BAR_DRINKS,3,33.3,9
BOD171,STAFF,16,48.5,33
BOD171,CLEANLINESS,10,30.3,33
BOD171,HYGIENE,1,3.0,33
BOD171,FOOD,14,42.4,33
BOD171,ROOM,15,45.5,33
BOD171,BED_COMFORT,6,18.2,33
BOD171,BEACH_SEA,2,6.1,33
BOD171,POOL,7,21.2,33
BOD171,SERVICE,7,21.2,33
BOD171,PRICE_VALUE,3,9.1,33
BOD171,LOCATION,13,39.4,33
BOD171,FACILITIES,3,9.1,33
BOD171,NOISE,5,15.2,33
BOD171,FAMILY_KIDS,3,9.1,33
BOD171,ANIMATION_ENTERTAINMENT,2,6.1,33
BOD171,CHECKIN_CHECKOUT,1,3.0,33
BOD171,RESERVATION,1,3.0,33
BOD171,TRANSPORT_TRANSFER,1,3.0,33
BOD171,MANAGEMENT,6,18.2,33
BOD171,BAR_DRINKS,6,18.2,33
BOD180,STAFF,5,50.0,10
BOD180,CLEANLINESS,4,40.0,10
BOD180,FOOD,6,60.0,10
BOD180,ROOM,5,50.0,10
BOD180,BED_COMFORT,1,10.0,10
BOD180,BEACH_SEA,5,50.0,10
BOD180,POOL,1,10.0,10
BOD180,SERVICE,4,40.0,10
BOD180,LOCATION,6,60.0,10
BOD180,FACILITIES,2,20.0,10
BOD180,NOISE,1,10.0,10
BOD180,CHECKIN_CHECKOUT,2,20.0,10
BOD180,MANAGEMENT,1,10.0,10
BOD180,BAR_DRINKS,3,30.0,10
BOD189,STAFF,15,46.9,32
BOD189,CLEANLINESS,6,18.8,32
BOD189,HYGIENE,1,3.1,32
BOD189,FOOD,12,37.5,32
BOD189,ROOM,10,31.2,32
BOD189,BED_COMFORT,4,12.5,32
BOD189,BEACH_SEA,14,43.8,32
BOD189,POOL,4,12.5,32
BOD189,SERVICE,13,40.6,32
BOD189,PRICE_VALUE,9,28.1,32
BOD189,LOCATION,6,18.8,32
BOD189,FACILITIES,8,25.0,32
BOD189,NOISE,2,6.2,32
BOD189,FAMILY_KIDS,5,15.6,32
BOD189,CHECKIN_CHECKOUT,4,12.5,32
BOD189,RESERVATION,3,9.4,32
BOD189,REFUND_PAYMENT,1,3.1,32
BOD189,TRANSPORT_TRANSFER,1,3.1,32
BOD189,MANAGEMENT,6,18.8,32
BOD189,COMMUNICATION,4,12.5,32
BOD189,BAR_DRINKS,8,25.0,32
BOD190,STAFF,14,70.0,20
BOD190,CLEANLINESS,9,45.0,20
BOD190,HYGIENE,2,10.0,20
BOD190,FOOD,7,35.0,20
BOD190,ROOM,10,50.0,20
BOD190,BED_COMFORT,8,40.0,20
BOD190,BEACH_SEA,11,55.0,20
BOD190,POOL,1,5.0,20
BOD190,SERVICE,11,55.0,20
BOD190,PRICE_VALUE,6,30.0,20
BOD190,LOCATION,7,35.0,20
BOD190,FACILITIES,5,25.0,20
BOD190,NOISE,5,25.0,20
BOD190,FAMILY_KIDS,2,10.0,20
BOD190,CHECKIN_CHECKOUT,1,5.0,20
BOD190,RESERVATION,3,15.0,20
BOD190,REFUND_PAYMENT,1,5.0,20
BOD190,MANAGEMENT,2,10.0,20
BOD190,COMMUNICATION,2,10.0,20
BOD190,BAR_DRINKS,6,30.0,20
BOD190,WIFI,1,5.0,20
