otel_adi,yorum,hizmet,tarih,puan
Oscar Seaside Hotel & Spa,"Otele gelirken açıkçası fiyatına göre çok büyük bir beklentiyle gelmemiştik ama daha ilk günden itibaren gerçekten şaşırdık. Özellikle çalışanların ilgisi ve emeği takdiri hak ediyor. Restoran kısmında herkes inanılmaz yoğun çalışıyor ve yemekler sürekli taze şekilde geliyor. Bazı insanların “açık büfe” mantığıyla her şeyin saatlerce beklemesini istemesi bence haksızlık. Burada restoran düzeninde sıcak ve taze servis yapılıyor, bu da kaliteyi gösteriyor.
Yemek çeşitleri gayet yeterliydi, içecek konusunda da hiçbir eksik yaşamadık. Hatta alkol servis saatini misafir memnuniyeti için uzatmaları bile işletmenin müşteri düşünerek hareket ettiğini gösteriyor. Çalışanların güler yüzlü olması tatili daha keyifli hale getirdi.
Odalar çok lüks veya ultra yeni olmayabilir ama temizliği gerçekten iyiydi. Zaten verilen fiyat düşünülünce alınan hizmet beklentinin çok üstünde kalıyor. Bazı yorumları okuyunca gerçekten şaşırdım çünkü fiyat/performans açısından bakıldığında bu otel fazlasıyla başarılı.
Kısacası uygun fiyatlı ama keyifli, temiz ve samimi bir tatil isteyenler gönül rahatlığıyla tercih edebilir. Biz memnun ayrıldık, tekrar gelmeyi de düşünürüz.",Otelde öne çıkanlarMuhteşem manzara · Büyük fırsat,Google üzerinde 2 ay önce,5/5
Oscar Seaside Hotel & Spa,"Otel konumu çok iyi, tercih ederken bunu göz önünde bulundurduk. Odaların genişliği ve tasarımı güzel. Deniz temiz. Fakat yemek yemek her öğünde 2 saati alıyor ve masadan memnun kalkamıyorsunuz. Yemekler alacart usulünde ve sipariş almaya çok geç geliniyor. Sipariş alındıktan sonra ise siparişler hem geç hem eksik geliyor. Eksik siparişi tamamlatmaya çalışmak için farklı garsonlara sürekli söylemek gerekiyor fakat bu eksik gelen siparişin geleceğini garanti etmiyor genelde yıldırma politikası güdüyorlar. Bugün son yaşadığım olay ise bu yorumu yapmama neden oldu. Öncelikle porsiyonlarımızın diğer masalardan az olduğunu fark ettik. Yemeğimiz her zamanki gibi yine geç geldi. Ama asıl sıkıntı tatlı siparişinde yaşandı. Tatlı için sipariş verdim, siparişi verdikten 20 dakika sonra sipariş gelmediği için ikinci defa garsonun yanına gidip hatırlattım. Bu hatırlatmanın üzerinden 20 dakika daha geçti üçüncü bir garson geldi ve tekrar tatlı siparişini aldı. 50 dakikalık bu süre zarfında tüm masalar tatlı siparişlerini alıyordu. En son hemen arkamdaki masa 6 adet tatlı siparişini aldı. Garsonun gözlerinin içine baktım ve geri dönüş alamadığım için masadan kalktım. Hazır olan bir sütlü tatlıyı getiremediler. Garsonlar kesinlikle masa ayırt ediyor çünkü masaların çoğu siparişini zamanında alıyor.","Odalar4,0Hizmet1,0Konum5,0",Google üzerinde 3 hafta önce,2/5
Oscar Seaside Hotel & Spa,"Öncelikle güzel olan şeylerden bahsetmek istiyorum , denizi güzel dalgasız , iskelesi güzel keyif vericiydi.Birde restoran bölümde çalışan yanılmıyorsam,Cebrail beye ilgisinden dolayı teşekkür ederiz .
Herşey dahil konsept satın alarak gitmiş bulunduğumuz otelde neye uğradığımızı şaşırdık ,akşam yemeğini açık büfe olarak gidiyorsunuz , ama herşey o kadar az ve lezzetsiz , berbat geliyorki inanamazsınız .
Salata bile ne kadar kötü olabilirse o kadar kötü .
Düşünün menüde sadece iki çeşit tatlı var ,ve bir adet koyuyorlar , ki ben her tatlıyı yerim , yemedim .o bile kötüydü .
Bir çorba yapılmıştı , içinde yok yok .
Oğluma dışarıdan yemek söyledim .
Keza kahvaltı tam bir fiyasko ne çayı çay ne ekmeği ekmek , nede kızartması kızarması .
Herşey soğuktu , yumurta patates kızarması ,sosis , başkada birşey yok zaten .
Peynir zeytin domates ve kalitesiz şekerlenmiş minik reçeller .
He bide bulanık mı bulanık bir çay .
Ürünler afkan bir aşçının elinden çıkıyor , bol bol soslu ve çoğu zaman tuzlu .
Rakı söyledik mesela bardağa rakıyı damlatarak koyuyorlar ,başka bir çalışan üstler kızıyor dedi.
Asla ve asla müşteri memnuniyeti esasıyla çalışan bir otel değil .
Ve en kötülerinden biri , sıcak su hemen bitiyor ve çeşme suları TUZLU SU , tuzdan arınamıyorsunuz. Ordan çıkıp duş alana kadar kaşındık .","Odalar1,0Hizmet1,0Konum2,0",Google üzerinde 2 hafta önce,1/5
Oscar Seaside Hotel & Spa,"Hayatimda bu kadar sahtekar bir otel görmedim. Nitelikli dolandiricilik suçunun somut tanımı olsaydi bu otel olurdu. Otel; görselde anlatılanlarla çok farklı. Kesinlikle hayvani bağlasan durmaz denilen cinsten. Duş bölgesi kireçli, kırık, pis. Hiç bir gün temizlenmeye gelinmedi, havlular 3 gün boyunca ayni kullanıldı. Işıklarin üzerinde örümcek ağlari vardi. Kendimizi otelden direk atıyorduk ki fazla vakit geçirmemek için… Otelden çıktığımızda Bodrum’da olduğumuzu anlıyorduk. Otele girdiğinizde sanki savaş bölgesi, çöl yeri gibiydi. Sanki içeride çok farklı işler yapiliyormuş izlenimi veriyordu. Odalar beyaz ışık ve tam yanmıyordu bile. Bir de tuvalet kağidini dahi sanki savaşta düşmandan “tuvalet kağıdı” istemişiz gibi; kapının üzerine asıyorlardi. Ayrica sözde “5 Yıldızlı” bir otelin hijyen kurallarinin hiçe sayıldığı banyosunda sıcak su yoktu & sabunluklar kırılıyordu. Böyle bir ortamda kahvaltıya dahi inmiyorduk. Korkunç geçen bir 3 gündü. Korkarak uyuyorduk, çünkü geceleri dışardan mavi ışıklar geliyordu ve odadaki yangin alarmi bir sönüp bir çalışıyordu. En komiği ise asla bir yetkilinin olmamasıydı :) Hem konaklamış bir vatandaş olarak sosyal devlet ilkesinin temeli olan yaşam hakkına saygısızlığın ve dolandırıcılığın böylesi aleni olmasi çok ürkütücü. Hem de bir Avukat olarak gerekli işlemleri yapıcağımdan hiç şüpheniz olmasin. Konut huzuru ihlali, görseller ile gerçeğin farklı sunulmasından nitelikli dolandırıcılık suçlarının hepsinin teşkil ediyordu. Banyodaki kireçten insan tüberküloz ya da silikozis olur! Kesinlikle ne eşinizle, ne çocuğunuzla ne ailenizle kimseyle gitmeyin. Korku adası desek yeridir. Böyle bir otelin 5 yildiz almasi asla anlaşılır değil. Yabancı turistler geldiğinde bu otelde kalsa; Türkiyeyi ve güzelim Bodrum’u nasıl bilirler acaba? Reklam açısından dahi korkunç bir yer. Hemen gereken yapılmalı.","Odalar1,0Hizmet1,0Konum1,0",Google üzerinde bir ay önce,1/5
Oscar Seaside Hotel & Spa,"Öncelikle kolay gelsin. 3 gece 4 gün bir konaklama sağladık ama otelinizin eksikleri var biraz yani Öncelikle yemeklerden bahsedeyim yemeklerin hepsi aynı çeşit geliyor tavuk sotede söylesen daha kekikli tavukta söylesen hepsi aynı geliyor yani hepsini aynı çeşit yapıyorlar Yani aşçınızda bir sıkıntı var galiba ya da yemek yapmayı bilmiyor anlayamadım çünkü bu yemekleri Ben de evde yapıyorum ama hepsi aynı olmuyor tatları mesela teriyaki soslu tavuk söyledik onun için de domates soğan biber vardı yani onun içine domates soğan biber olmaz. Mesela Ali Nazik ve çökertme kebabı söyledik ikisi de aynı geldi yani Ali Nazik tarifi öyle olmuyor Patlıcanın üstünde et olur yani patates vesaire ilk defa gördüm karman çorman bir yemek geldi. Pirinç pilavı kuru geliyor yani sanki dışarıda bekletilmiş bir pirinç pilavı gibi ve bunun gibi daha daha fazla şeyler.
Sipariş verdikten yarım saat 40 dakika sonra yemekler geliyor yani personelleriniz çok yavaş özellikle bir tane şortlu prrsoneliniz var o ekstra yavaş ve sadece işine geldiği müşterilere bakıyor uyarılsın o çocuk yoksa çok musteri kaybedersiniz ve gelen herkes memnuniyetsiz ayrılıyor çoğu kişinin dilinde aynı şeyler var. Bol pantolonlu renkli gözlü bir cocuk var o personel ve icecek bolumunde ki kız olan personeliniz çok iyi bizim tüm isteklerimizi aninda karşılayan personeller. Bi de baran veya boran adlı bi personel var o da çok iyi. Geri kalan personeller işleri aksine uzatıyor. Yani personel yönünden biraz Zayıfsınız.
Oda konusuna gelince odada çok eksikler var mesela banyo yani çok eski bir banyo bir düzenleme yapılsa daha güzel yerlere gelinebilir ve odanın suları İnsan banyo olmak ağzını çalkalamak istemiyor bile sularda yani Odaların suları neden pis su geliyor denizden çıkınca temiz suda yıkanmak istiyorum ama yani yıkandığımız su da o kadar temiz bir su değil
Ve snack saati bence öğleden 1 saat sonra yapılmaz çünkü zaten insanlar doymuş oluyor yani 3 4 degil de 4 5 yapilsa daha iyi olur çünkü biz cok otellere gittik ama böylesini ilk defa görüyoruz çok eksikleriniz var duzeltilse emin olun ki bu gelenlerin 2 katı musteri daha gelir.
Yani o kadar para verdik bu dediklerimden ötürü biraz paramız çöp olmuş gibi geldi Çünkü insan temizlik ferahlık ve huzur arıyor yani tek beğendiğim artı yönü şu oldu Hem denize yakın olması hem havuzunun sakin olması geri falan yönleri eksi. Yani çoğu kişiden duydum ki bu otele ilk defa geldim bir daha gelmem diyorlar demek ki hataları gören tek ben değilim. Kusura bakmayın biraz uzun oldu ama şikayetlerimi dile getirmek zorundayim ki tekrarlanmasın. Kolay gelsin bol müşteriler...","Odalar2,0Hizmet3,0Konum5,0
Otelde öne çıkanlarMuhteşem manzara · Sessiz · Çocuklar için uygun
Yiyecek ve içeceklerYemek konusunda bayağı zayıf",Google üzerinde bir ay önce,3/5
Oscar Seaside Hotel & Spa,"Muğla Bodrum’da bulunan Oscar Seaside Hotel & Spa’ya görsellerine ve bazı olumlu yorumlara güvenerek bir tatil satın aldık, ancak şu an hâlâ konaklamaya devam etmemize rağmen, ödediğimiz paranın tamamen boşa gittiğini düşünüyoruz. …",,Tripadvisor üzerinde 2 ay önce,1/5
Oscar Seaside Hotel & Spa,"Otel konum olarak güzel hava alanına yakın. Otelin atmosferi görünüşü güzel . Plaji da gayet güzel kum plaj. Otel çalışanları kibar ilgili özellikle Baran bey çok ilgiliydi. Otelin en büyük ve önemli sorunu yemekler . Mutfakta kahvaltı olsun yemek olsun seçenekler az ve tatsız tuzsuz. Üstelik aşçı tek kisiydi yemekler çok geç geliyordu. Kesinlikle garsonlarla alakalı degil. Mutfak malzemeleri tabak çanak eski yetersiz kahvaltıda bardak kalmıyordu. Temizlik düzen konusunda daha iyi olabilirdi özellikle odalar daha temiz olmalı . Otele göre ücretler yüksek , otelin fiziki şartları iyi fakat hizmet çok yetersiz. Büyük sorunlardan bi tanesi de odalardaki musluklardan deniz suyu geliyor .","Odalar2,0Hizmet3,0Konum5,0
Otelde öne çıkanlarMuhteşem manzara · Sessiz
OdalarOrta segment. Daha temiz olmalı yataklarda alez falan yoktu . Yastıklarda leke vardı.
Yürüme olanaklarıMarkete vs. Yakın
Yiyecek ve içeceklerYetersiz seçenek çok az olanlar da tatsız .
Önemli ayrıntılarOtele bi çeki düzen verilmeli dip köşe temizliği zayıf . Yemekler iyileştirilmeli seçenek çoğaltılmalı",Google üzerinde bir ay önce düzenlendi,3/5
Oscar Seaside Hotel & Spa,"Merhaba. 2 gece 3 gün olarak kaldık. Artı ve eksilerini size sıralayacağım. Öncelikle personelleri çok samimi ve iyiler. Her konuda yardımcı olmaya çalışıyorlar. Manzarası mükemmel, havuzu temiz ve güzel. İki gece de canlı müzik vardı ikisi de birbirinden iyiydi. Eksi yönlerine bakacak olursak odaları eski ve temiz değildi. Hadi eski olmasını geçelim ekonomik odaydı ama temiz olmaması ciddi bir sorundu zaten yeteri kadar personelleri yoktu. Yemekleri idare ederdi. Sadece hijyen için de olsa bidaha orda kalacağımı sanmıyorum.","Odalar1,0Hizmet5,0Konum5,0
Otelde öne çıkanlarMuhteşem manzara",Google üzerinde 2 ay önce,3/5
Oscar Seaside Hotel & Spa,Otelde 3 gün konakladık .Öncelikle Resepsiyonist ve barda servis çalışanlardan çok memnun kaldık.Hepsi çok güler yüzlü ve saygılıydı .Her şeye koşturuyorlardı . Çalışan sayısının azlığından serviste eksiklikler tabii ki oluyordu ama bunları çalışan personellerin üzerine atmak ne kadar doğru tamamen yönetimin sorumluluğuna ait bir hata .Odalara gelirsek inanılmaz bir hijyen eksikliği vardı odaya girer girmez klozetteki sarı lekeleri sildim.Yatakların çevresi ve arkası yumaklarla doluydu pencereler petekler hepsi toz kaplıydı. Duş başlığı ve duş çeşmesi çok kötü durumdaydı .Otelin denize konumu çok güzeldi .Akşamları sakin bir yürüyüş rotası vardı . Izgara çeşitleri çok güzeldi direkt masaya servis güzeldi .Eleman sayıları yükselirse her şey daha iyi olabilir .,,Google üzerinde 2 ay önce,3/5
Oscar Seaside Hotel & Spa,Oscar Seaside Hotel & Spa öncelikle yorumlara bakarak geldim bende çoğunluğun yaptığı gibi fakat 4 yıldızlı bir otel ve 4 puanlık bi durum hiç göremedim. Odalar banyo ve tuvalet harici fena değil eski taş evleri andırıyor. Banyodan gelen su pis ve tuzlu gibiydi. Personeller güler yüzlü her konuda yardımcı olmaya çalışıyolar o konuda bi sıkıntı yaşamadım. Yemekleri kesinlikle önermiyorum ne ben memnun kaldım ne de memnun kalan birini gördüm.2 puanı sadece personellerin güler yüzüne ve hizmetlerine veriyorum. Tavsiye edebileceğim bir yer değil .,"Odalar2,0Hizmet4,0Konum2,0",Google üzerinde bir ay önce,1/5
Oscar Seaside Hotel & Spa,"konaklamamızdan çok memnun kaldık. Otel temiz ve bakımlıydı, odalar rahattı. Personel her konuda güler yüzlü ve yardımseverdi, kendimizi gerçekten misafir gibi hissettik. Yemekler lezzetli ve çeşitliydi, denize yakın konumu da büyük avantaj sağladı. Sakin ve keyifli bir tatil geçirmek isteyenlere gönül rahatlığıyla tavsiye ederim. Tekrar gelmeyi düşüneceğimiz bir otel oldu.","Odalar4,0Hizmet5,0Konum5,0
Otelde öne çıkanlarMuhteşem manzara · Romantik · Çocuklar için uygun · Büyük fırsat",Google üzerinde bir ay önce,5/5
Oscar Seaside Hotel & Spa,"Çekirdek ailemizle yaz ortasında gerçekleştirdiğimiz uzun soluklu konaklama, ödediğimiz meblağın karşılığını fazlasıyla verdi. Tesisin kalabalık dönemine denk gelmemize rağmen, personelin bitmek bilmeyen enerjisi ve koşturmacası takdire şayan. Bazı asılsız eleştirilerin aksine mutfak hizmeti muazzamdı; et ve deniz ürünleri taleplerimiz anında masamıza ulaştı. Benzer segmentteki işletmelerde pek rastlanmayan nitelikli deniz mahsulleri büfesi ve içeceklerin orijinal ambalajlarında (cam/kutu) sunulması bizi şaşırttı. Sahil ve yeme-içme kalitesi ödenen ücretin çok üzerindeydi. Yapının fiziksel olarak çağı yakalaması adına başlatılan modernizasyon çalışmalarını da internette görüp çok sevindik. Ayrıca çift olarak deneyimlediğimiz arınma alanları (buhar, sıcak oda) ile Uzak Doğu ritüelleri son derece profesyonel ellerce uygulandı. Önümüzdeki dönem için şimdiden yerimizi ayırtmayı planlıyoruz; bu genç vizyoner yönetimi yürekten kutlarım.","Odalar5,0Hizmet5,0Konum5,0",Google üzerinde 2 ay önce,5/5
Oscar Seaside Hotel & Spa,İlk geldiğimiz günden itibaren personel ilgisi ve hizmeti çok güzel ve samimiydi. Her şeyde yardımcı oluyorlar. O konuda ekip çok iyi. Biz beş gün dört gece konakladık. Her şeyden çok memnun kaldık. Odaların banyosu biraz sıkıntılı geri kalan hepsi güzeldi .,"Odalar4,0Hizmet5,0Konum5,0",Google üzerinde 3 hafta önce,5/5
Oscar Seaside Hotel & Spa,"Kurban Bayramı tatilimizi Oscar Seaside Hotel’de geçirdik ve çok güzel bir tatil yaşadık. Otelin denize sıfır konumu gerçekten harikaydı; hem manzaranın hem denizin keyfini doyasıya çıkardık. Ortam sakin, temiz ve oldukça huzurluydu.
Yemeklerden özellikle çok memnun kaldık. Siparişe göre taze hazırlanması büyük bir artıydı. Izgara ağırlıklı menüsü hem çok lezzetliydi hem de her şey sıcak ve özenli şekilde servis edildi. Tazeliği ve lezzeti gerçekten fark ediliyordu.
Başta Çiğdem Hanım , Anıl Bey, İslam Bey ,Leyla Hanım ve Turgay Bey olmak üzere tüm ekibe ilgileri, güler yüzleri ve misafirperverlikleri için gönülden teşekkür ederiz. Kendimizi çok rahat ve değerli hissettik.Tatilini keyifli huzurlu ve dinlenerek geçirmek isteyen herkese gönül rahatlığıyla tavsiye ederiz. Tekrar gelmeyi isteriz.",,Google üzerinde 2 ay önce,5/5
Oscar Seaside Hotel & Spa,"Yemek sistemi ve aşçıları acil değişmesi lazım. Yemek nasıl daha kötü olur diye yarışma olsa dereceye girer. Bir defa giden ikinci defa gideceğini düşünmüyorum. Bizi karşılayıp valizlerimize yardım eden kişi, yemek zamanı ızgaranın başında, gece temizlik kısmında ve hatta bir ara kuyu yapımında harç koyan kişiydi. Personel eksikliği acayip hissediliyor.","Odalar1,0Hizmet1,0Konum4,0",Google üzerinde 3 hafta önce,1/5
Oscar Seaside Hotel & Spa,"Bodrum tatilimiz boyunca konakladığımız Oscar Seaside Hotel & Spa beklentilerimizin çok üzerinde bir deneyim sundu. Denize sıfır konumu, huzurlu atmosferi ve özenle tasarlanmış odaları sayesinde gerçekten dinlenme fırsatı bulduk. Personel son derece güler yüzlü ve ilgiliydi; her konuda yardımcı olmak için büyük bir özen gösterdiler. Yemeklerin lezzeti, otelin temizliği ve spa hizmetlerinin kalitesi de oldukça başarılıydı. Özellikle sakin ve keyifli bir tatil arayanlar için harika bir tercih. Bodrum’a tekrar geldiğimizde gönül rahatlığıyla yeniden tercih edeceğimiz bir otel oldu. Emeği geçen tüm ekibe teşekkür ederiz.",Otelde öne çıkanlarLüks · Muhteşem manzara · Romantik · Sessiz · Çocuklar için uygun · Büyük fırsat · İleri teknolojili,Google üzerinde 2 ay önce,5/5
Oscar Seaside Hotel & Spa,Otele sevgılım ıle geldık. Odamız havuz kısmına bakıyordu süperdi sabah kahvaltısı uzerıne odanın balkonunda kahve içmenin huzurunu yaşadım. Yemekler süperdi özellikle buranın yöresine ait çökertme kebabı süperdi ( garson arkadaş önerdi ve yemeğin tarihini açıkladı ona guvendık memnun kaldık cebrail beye burdan teşekkür ederim). Canlı müzik geceleri 12-1 e kadar suruyor super bir artı.,"Odalar5,0Hizmet5,0Konum5,0
Otelde öne çıkanlarMuhteşem manzara",Google üzerinde bir ay önce,5/5
Oscar Seaside Hotel & Spa,"Oscar Seaside Hotel’de geçirdiğimiz tatilden çok memnun kaldık. Özellikle A’la Carte Her Şey Dahil konsepti beklentilerimizin çok üzerindeydi. Yemeklerin açık büfe yerine sipariş üzerine taze hazırlanıp servis edilmesi büyük bir fark yaratıyor. Hem lezzet hem de sunum açısından oldukça başarılıydı. Personelin ilgisi, otelin huzurlu atmosferi ve denize sıfır konumu tatilimizi daha da keyifli hale getirdi. Bodrum’da kaliteli ve sakin bir tatil arayanlara gönül rahatlığıyla tavsiye ederim.","Odalar5,0Hizmet5,0Konum5,0
Otelde öne çıkanlarLüks · Muhteşem manzara · Romantik · Sessiz
OdalarOscar Seaside Hotel’de harika bir tatil geçirdik. Özellikle A’la Carte Her Şey Dahil konsepti mükemmeldi. Yemeklerin sipariş üzerine taze hazırlanıp servis edilmesi hem kaliteyi hem de lezzeti artırıyor. Odalar bohem konseptiyle çok şık, ferah ve tertemizdi. Personel son derece ilgili ve güler yüzlüydü. Denize sıfır konumu ve huzurlu atmosferiyle Bodrum’da keyifli bir tatil yapmak isteyenlere kesinlikle tavsiye ederim.",Google üzerinde 2 ay önce,5/5
Oscar Seaside Hotel & Spa,Odaların temizliği ve restoran kısmındaki zengin içerik bizi mest etti. Gerçekten uzun zaman sonra böyle kaliteli bir konaklama yaşadık. Alkol servisleri ise profesyonel ve oldukça iyiydi. Çalışanların işini severek yaptığı bir otelde memnun kalmamanız imkansız. Oscar Seaside bu konuda bizi fazlasıyla memnun etti. Spa kısmında da oldukça keyif aldık.,"Odalar5,0Hizmet5,0Konum5,0
Otelde öne çıkanlarLüks · Muhteşem manzara",Google üzerinde 2 ay önce,5/5
Oscar Seaside Hotel & Spa,01.08.2026 tarihinde otelde konaklama yaptık 4 gün kaldık kaldığımız süre zarfında otelden hiç memnun kalmadık paramız boşa gitti burada Gelip de tatil yapacakları için bu yorumu yazıyorum Lütfen yorumları okuyarak Gelin Otel çok kötü yemekleri çok kötü Odalar çok pis Deniz bile çok pis bizim için çok kötü bir deneyimdi paramız boşa gitti lütfen sizin de paranız boşa gitmesin bu otele gelmeyin bazen otele güzel yorum yapmışlar Kesinlikle yalan Bence o yorumları kendileri yapmış....,"Konum1,0
OdalarÇokkk kötü
Yiyecek ve içeceklerÇok kötü
Önemli ayrıntılarOtel çok kötü vasat bir yer",Google üzerinde 3 hafta önce,1/5
Oscar Seaside Hotel & Spa,Oteliniz mükemmel ötesiydi konakladığımız odalar bence gayet güzeldi ve mutfaktan çıkan yemekleriniz ağıza lezzet üstüne lezzet kattı personel garson arkadaşla güzel bir ekip içinde güler yüzlü çalışıyor yardımcı oluyor ve hepsine ömer beyden irem hanıma baran beye ve Cebrail beye hepsine teşekkür ederim,"Odalar5,0Hizmet5,0Konum5,0",Google üzerinde 3 hafta önce,5/5
Oscar Seaside Hotel & Spa,"Otelden her açıdan çok memnun kaldım, odalar olsun hizmet olsun her şey çok güzeldi tekrar gidersem hiç düşünmeden burayı tercih ederim. Barda çalışan İrem hanımada ayrıca teşekkür ederim çok ilgili, tatlı ve güler yüzlüydü heryerde böyle … Devamı",,Google üzerinde bir ay önce,5/5
Oscar Seaside Hotel & Spa,Kısa bir tatil için Oscar Seaside Hotel & Spa’da konakladım. Otele girişten itibaren süreç düzenliydi ve odalar temizdi. Deniz manzaralı odada kalmak özellikle sabah saatlerinde güzel bir atmosfer oluşturdu. Spa bölümünü de kısa süreli … Devamı,,Google üzerinde 2 ay önce,5/5
Oscar Seaside Hotel & Spa,"Manzarası, denizin güzelliği, çalışanların ilgisiyle sonuna kadar 5 yıldızı hakediyor. Ayrıca yemekleride çok güzel çekinmeden gelebileceğini bir aile ortamı, otelde sıkılmamanız için canlı müzik ve bir sürü etkinlikte oluyor, Tam bir fiyat performans oteli.","Odalar5,0Hizmet5,0Konum5,0",Google üzerinde bir ay önce,5/5
Oscar Seaside Hotel & Spa,"Eşimle birlikte bu bayramda ilk defa konaklama fırsatımız oldu herşeyden çok memnun kaldık. Otelin konumu odaları, ve özellikle spası inanılmaz lezzetli kaliteli ve sağlıklı sabah kahvaltısına doyamadık. …",,Tripadvisor üzerinde 4 ay önce,5/5
Oscar Seaside Hotel & Spa,"Beklentinizi ödediğiniz ücretin altında tutun,iki aile kaldık konum iyi canlı müzik belirli günler var arkadaşların performansı iyi; dediğim gibi üzerine 4/5bin daha ekleyip en azından oda ve hizmet olarak daha iyi yerlere gidebilirsiniz....",Otelde öne çıkanlarSessiz,Google üzerinde bir ay önce,3/5
Oscar Seaside Hotel & Spa,"Otelin konumu ve genel atmosferi oldukça güzeldi. Çalışan ekip ilgiliydi ve tatil boyunca kendimizi rahat hissettik. Odalar temizdi, ortak alanlar düzenliydi ve genel olarak huzurlu bir konaklama deneyimi yaşadık.","Odalar5,0Hizmet5,0Konum5,0",Google üzerinde 2 ay önce,5/5
Oscar Seaside Hotel & Spa,İşletme sahipleri çalışanlar ve mutfak ekipleri bence çok iyi bazı müşteriler dikkat ediyorum yemeklerden şikayetçi fakat israf konusunda kendilerinden şikayetçi değil gibi bu otel hizmet konaklama ve manzara olarak değer üstüne değer,"Odalar5,0Hizmet5,0Konum5,0",Google üzerinde 4 hafta önce,5/5
Oscar Seaside Hotel & Spa,"Eşim ile birkaç gün kafa dinlemek için tercih ettiğimiz yer. Bu tatilden beklentimiz gürültüsüz, denize yakın, kendi kumsalı olan, yemekleri güzel, titiz bir işletmeydi ve burası tam olarak beklentimizi karşıladı. … Devamı",,Google üzerinde 4 ay önce,5/5
Oscar Seaside Hotel & Spa,"Konaklamamız boyunca her şeyden çok memnun kaldık. Otel temiz, konforlu ve oldukça düzenliydi. Personel güler yüzlü ve ilgiliydi, kendimizi çok iyi hissettik. Spa bölümü de oldukça başarılı ve dinlendiriciydi. Güzel bir deneyim yaşadık, tekrar tercih etmeyi düşünürüz.","Odalar5,0Hizmet5,0Konum5,0",Google üzerinde 2 ay önce,5/5
Oscar Seaside Hotel & Spa,"Otelden her açıdan çok memnun kaldım, odalar olsun hizmet olsun her şey çok güzeldi tekrar gidersem hiç düşünmeden burayı tercih ederim. Barda çalışan İrem hanımada ayrıca teşekkür ederim çok ilgili, tatlı ve güler yüzlüydü heryerde böyle güler yüzlü çalışanlara ihtiyacımız var bu otelde görmek beni ayrıca mutlu etti. Herkese içtenlikle tavsiye ederimmm :)","Odalar5,0Hizmet5,0Konum5,0",Google üzerinde bir ay önce,5/5
Oscar Seaside Hotel & Spa,"Kısa bir tatil için Oscar Seaside Hotel & Spa’da konakladım. Otele girişten itibaren süreç düzenliydi ve odalar temizdi. Deniz manzaralı odada kalmak özellikle sabah saatlerinde güzel bir atmosfer oluşturdu. Spa bölümünü de kısa süreli kullanma fırsatım oldu, ortam sakin ve dinlendiriciydi. Kahvaltı yeterliydi, çok abartılı değil ama temel olarak ihtiyaçları karşılıyor. Genel olarak kafa dinlemek ve birkaç gün sakin bir tatil yapmak için uygun bir yer.",Otelde öne çıkanlarLüks · Muhteşem manzara · Romantik · Sessiz · Çocuklar için uygun · Büyük fırsat · İleri teknolojili,Google üzerinde 2 ay önce,5/5
Oscar Seaside Hotel & Spa,"Eşim ile birkaç gün kafa dinlemek için tercih ettiğimiz yer. Bu tatilden beklentimiz gürültüsüz, denize yakın, kendi kumsalı olan, yemekleri güzel, titiz bir işletmeydi ve burası tam olarak beklentimizi karşıladı.
Gelecekte yeniden konaklayacağımıza eminim, bu civarda bizlere konaklama için tavsiye isteyen eşimiz dostumuz olursa gözüm kapalı önerebileceğim bir yer.
Umarım bu çizgisini bozmaz ve yıllarca aynı konaklama deneyimini yaşatır 🙏🏻","Odalar5,0Hizmet5,0Konum5,0
Otelde öne çıkanlarMuhteşem manzara · Romantik · Sessiz · Çocuklar için uygun · Büyük fırsat · İleri teknolojili
OdalarOdamız rezerve ederken görselde gördüğümüzle birebir aynıydı. Temiz ve yeterli.
Yürüme olanaklarıKendine özel sahilinde yürüyüş yapabilirsiniz.",Google üzerinde 4 ay önce,5/5
Oscar Seaside Hotel & Spa,"Oscar Seaside Hotel Spa beklentilerimin çok ötesinde bir deneyim sundu. Özellikle sahilin hemen yanında olması büyük bir avantaj. Akşam yemeklerindeki çeşitlilik ve lezzet damak tadıma çok uydu. Spa alanındaki sauna ve hamam imkanları harikaydı, tam anlamıyla yenilendiğimi hissettim",,Google üzerinde 2 ay önce,5/5
Oscar Seaside Hotel & Spa,Öncelikle yorumlara bakmıştım kotü yorumlar vardı korkarak gittigim yerden çok memnun ayrıldım yorumlara aldanmayın ve fotograflara gerçekten çok hoş bir otel hizmet kalitesi çok yüksek gorünüm vs odalarıda harika balayı için tercih …,,Tripadvisor üzerinde 4 ay önce,5/5
Oscar Seaside Hotel & Spa,"Arkadaşlarımla konakladık ve çok memnun kaldık. Temizlik, hizmet ve ilgi gerçekten güzeldi. Tekrar tercih edeceğiz. Otele girişten çıkışa kadar her şey sorunsuzdu. Çalışanlar çok nazik ve çözüm odaklıydı. Tavsiye ederim.","Odalar5,0Hizmet5,0Konum5,0",Google üzerinde bir ay önce,5/5
Oscar Seaside Hotel & Spa,"Denize sıfır konumu ve sunduğu olanaklarla harika bir tatil deneyimi sunuyor. Otelin temizliği, odaların konforu ve personelin güler yüzlü yaklaşımı bizi çok memnun etti. Spa alanı da oldukça profesyonel ve tüm yılın yorgunluğunu atmak için mükemmel bir ortamdı. Keyifli, sakin ve kaliteli bir tatil geçirmek isteyen herkese kesinlikle tavsiye ederim.","Odalar5,0Hizmet5,0Konum5,0",Google üzerinde 2 ay önce,5/5
Oscar Seaside Hotel & Spa,"Fiyat performans oteli
Denizi gayet güzel
Hamamı mukemmel ve ucretsiz kişiye ozel kapatiliyor.
Çalısan arkadaslar saygilı ve çalışkan.",Otelde öne çıkanlarMuhteşem manzara · Çocuklar için uygun · Büyük fırsat,Google üzerinde bir ay önce,5/5
Oscar Seaside Hotel & Spa,"Otelin konumu çok iyi bir kere ordan bir artı yönü var ve o konumda ki diğer otelleri gözlemlediğimde kesinlikle orda ki en iyi otelin oscar seaside olduğunu söyleyebilirim.Personeller gerçekten çok ilgili,güleryüzlü ve çözüm odaklı gitmeden önce kötü yorumları okuduk doğal olarak “acaba mı” diye düşündük ama içim rahat bir şekilde söylüyorum kötü yorum yapanların hepsinin iletişim kurmayı bilmediklerini düşünüyorum herhangi bir sorun yaşadığımızda en fazla 10-15 dakika içinde çözdüler bu konuda özellikle resepsiyondaki İslam beye çok teşekkür ederiz.Otelin misafir olarak çevre olarak çok samimi güzel bi ortamı var biz çok memnun kaldık herşey için teşekkürler.","Odalar5,0Hizmet5,0Konum5,0
Otelde öne çıkanlarMuhteşem manzara",Google üzerinde 2 ay önce,5/5
Oscar Seaside Hotel & Spa,Beklentilerimizin çok üzerinde bir konaklama oldu. Otele giriş yaptığımız andan itibaren tüm çalışanlar inanılmaz ilgili ve kibardı. Tesisin denize sıfır konumu ve manzarası büyüleyici. Odaların temizliği ve düzeni kusursuzdu,"Odalar5,0Hizmet5,0Konum5,0
Otelde öne çıkanlarMuhteşem manzara
Odalartemiz",Google üzerinde 2 ay önce,5/5
Oscar Seaside Hotel & Spa,"Oscar Seaside bizim için güzel bir deneyimdi.
Personel güleryüzlü, işletmenin her noktası temiz, imkanlar sınırsıza yakın.
4 yıldızlı bir işletme ama bizim deneyimimiz 5 yıldızlı bir tatilden farksızdı.
İşini severek yapan insanlardan oluşan bir kadroyu işletmeye adımınızı atar atmaz hissediyorsunuz.
4 gece konakladık ve işletmenin tüm olanaklarından faydalandık.
Herhangi bir problem veya değişmesini talep ettiğimiz bir şey olmadı.
Bu şehirde tekrar tatil yapmak istersek, kesinlikle yeniden uğrayacağız.","Odalar5,0Hizmet5,0Konum5,0
Otelde öne çıkanlarMuhteşem manzara · Romantik · Sessiz · Çocuklar için uygun · Büyük fırsat · İleri teknolojili
OdalarOdalar temiz ve düzenli.
GüvenlikHotel güvende hissettiriyor, bir problem yaşamadık.",Google üzerinde 4 ay önce,5/5
Oscar Seaside Hotel & Spa,"Otelin denizi tertemiz, personel son derece güler yüzlü ve ilgili. Otel sahibi Leyla Hanım çözüm odaklı, kibar ve zarif bir insan.
Remziye ve Ali ‘ ye de çok teşekkür ederiz.
Odalar temiz, yataklar rahat ve hijyenik. Banyolar eski ,duş başlığı asılı duramıyor .
Su ısıtma sistemi arızalı sanırım birden kaynar olabiliyor . Onu tamir ederlerse çok iyi olur TV görüntü kalitesi gayet iyi ve kanal sayısı yeterli.
Yemekler özenle hazırlanmış, hijyen konusunda iç rahatlığıyla yiyebilirsiniz. Açık büfe olmaması bizim için bir avantajdı çünkü gereksiz israf yok. Çay her zaman taze servis ediliyor.
Kahvaltı ve açık büfe salata bara eklemeler yapmaları daha iyi olur .
Haftada iki gün canlı müzik var. Ayrıca kahvaltı sırasında Fransızca nostaljik parçalar çalması ortama ayrı bir keyif katıyor. Otelde 1980’lerin Bodrum havasını hissediyorsunuz.
Biz 8 gün konakladık ve ödenen ücret bu kaliteye göre gerçekten çok uygundu. Böyle kaliteli butik hizmet için tüm ekibe teşekkür ederiz.","Odalar4,0Hizmet5,0Konum5,0
Otelde öne çıkanlarMuhteşem manzara",Google üzerinde 11 ay önce,4/5
Oscar Seaside Hotel & Spa,"Otelin konumu ve sahili çok güzel yemeklerinden çok memnun kaldım tercih edeceğim otellerden birisi olacak personelleri çok anlayışlı ve güler yüzlüyduler , temiz ve ferah bir oteldi , yemek kalitesi çok güzeldi, memnun kaldım.","Odalar5,0Hizmet5,0Konum5,0",Google üzerinde bir ay önce,5/5
