hotel_id,hotel_name,area,google_travel_url,google_travel_status,google_travel_confidence,trip_url,trip_status,trip_confidence,policy_trip_url,platform_coverage_count,manual_review_required,enabled_google,enabled_trip,enabled_policies
BOD001,Aksoy Taş Ev,Akyarlar,https://www.google.com/travel/hotels/entity/ChkIxM3gn6-Mx41DGg0vZy8xMXJuYl92MnZnEAE?q=Aksoy%20Ta%C5%9F%20Ev%20Akyarlar%20Bodrum&ved=2ahUKEwitl7jilb6WAxVUBgYAHS1tBGUQvukIegQIAxAC&ts=CAAaGhIYEhIKBwjqDxAJGAcSBwjqDxAJGAgyAggAKgIKAA,verified_direct,95,,NOT_FOUND,0,,1,False,True,False,False
BOD002,Armonia Holiday Village & Spa,Akyarlar,https://www.google.com/travel/hotels/entity/ChcIib6os8m5kedkGgsvZy8xdGdkd24xZBAB?q=Armonia%20Holiday%20Village%20%26%20Spa%20Akyarlar%20Bodrum&ved=2ahUKEwjt_JDplb6WAxV9QEECHTAXHqwQvukIegQIAxAC&ts=CAAaGhIYEhIKBwjqDxAJGAcSBwjqDxAJGAgyAggCKgIKAA,verified_direct,95,https://www.trip.com/hotels/bodrum-hotel-detail-3448104/armonia-holiday-village-and-spa-all-inclusive/,verified_direct,100,https://www.trip.com/hotels/bodrum-hotel-detail-3448104/armonia-holiday-village-and-spa-all-inclusive/,2,False,True,True,True
BOD003,ASPAT HOTEL BODRUM Beach Restaurant,Akyarlar,https://www.google.com/travel/hotels/entity/ChkI_fH789a1ipI4Gg0vZy8xMXR4bDRma2tiEAE?q=ASPAT%20HOTEL%20BODRUM%20Beach%20Restaurant%20Akyarlar%20Bodrum&ved=2ahUKEwiuiazwlb6WAxXsakECHVPSOXkQvukIegQIAxAC&ts=CAAaGhIYEhIKBwjqDxAJGAcSBwjqDxAJGAgyAggCKgcKBToDVFJZ,verified_direct,95,https://www.trip.com/hotels/detail/?hotelId=106791418,verified_direct,95,https://www.trip.com/hotels/detail/?hotelId=106791418,2,False,True,True,True
BOD004,Bendis Beach Hotel,Akyarlar,https://www.google.com/travel/hotels/entity/ChcI-p_dtL_R4bl3GgsvZy8xdGZyN2htMhAB?q=Bendis%20Beach%20Hotel%20Akyarlar%20Bodrum&ved=2ahUKEwjT-_z2lb6WAxXtZkECHZ0_DHgQvukIegQIAxAC&ts=CAAaGhIYEhIKBwjqDxAJGAcSBwjqDxAJGAgyAggCKgcKBToDVFJZ,verified_direct,95,https://www.trip.com/hotels/akyarlar-mahallesi-hotel-detail-4416296/bendis-beach-hotel/,verified_direct,100,https://www.trip.com/hotels/akyarlar-mahallesi-hotel-detail-4416296/bendis-beach-hotel/,2,False,True,True,True
BOD005,ByAkkan,Akyarlar,https://www.google.com/travel/hotels/entity/ChoI1N7IttjHkMeqARoNL2cvMTF0MzM5a3h4aBAB?q=ByAkkan%20Akyarlar%20Bodrum&ved=2ahUKEwjIr8_9lb6WAxVyIwYAHWzxDSAQvukIegQIAxAC&ts=CAAaGhIYEhIKBwjqDxAJGAcSBwjqDxAJGAgyAggCKgcKBToDVFJZ,verified_direct,95,,NOT_FOUND,68,,1,False,True,False,False
BOD006,Club Marma Hotel,Akyarlar,https://www.google.com/travel/hotels/entity/ChkIj8qbsqi-7bAUGg0vZy8xMXEyeWtoNF8yEAE?q=Club%20Marma%20Hotel%20Akyarlar%20Bodrum&ved=2ahUKEwj_yYuElr6WAxVRe0ECHVDNCIwQvukIegQIAxAC&ts=CAAaGhIYEhIKBwjqDxAJGAcSBwjqDxAJGAgyAggCKgIKAA,verified_direct,95,,NOT_FOUND,0,,1,False,True,False,False
BOD007,Kefaluka Resort,Akyarlar,https://www.google.com/travel/hotels/entity/CgsIqP3Kl9GCnvv4ARAB,verified_direct,100,https://www.trip.com/hotels/bodrum-hotel-detail-9894522/kefaluka-resort-ultra-all-inclusive/,verified_direct,100,https://www.trip.com/hotels/bodrum-hotel-detail-9894522/kefaluka-resort-ultra-all-inclusive/,2,False,True,True,True
BOD008,LA BREZZA SUITE &HOTEL,Akyarlar,https://www.google.com/travel/hotels/entity/ChoIuoenmK7E3fPtARoNL2cvMTFwNWxtMV9jcBAB,verified_direct,100,https://www.trip.com/hotels/detail/?hotelId=4057611,verified_direct,95,https://www.trip.com/hotels/detail/?hotelId=4057611,2,False,True,True,True
BOD009,LİV OTEL,Akyarlar,,NOT_FOUND,60,,NOT_FOUND,53,,0,False,False,False,False
BOD010,Mare Garden Hotel,Akyarlar,https://www.google.com/travel/hotels/entity/ChoI46nXrt78--3mARoNL2cvMTFqOTJjZHdqZxAB?q=Mare%20Garden%20Hotel%20Akyarlar%20Bodrum&ved=2ahUKEwic3diRlr6WAxVjg3wGHQE6LnYQvukIegQIAxAC&ts=CAAaGhIYEhIKBwjqDxAJGAcSBwjqDxAJGAgyAggCKgcKBToDVFJZ,verified_direct,95,https://us.trip.com/hotels/bodrum-hotel-detail-60107472/mare-garden-hotel/,verified_direct,100,https://us.trip.com/hotels/bodrum-hotel-detail-60107472/mare-garden-hotel/,2,False,True,True,True
BOD011,"Radisson Collection Hotel, Bodrum",Akyarlar,https://www.google.com/travel/hotels/entity/ChoI2P6A2dPx45zGARoNL2cvMTFwYzRzdmNoORAB?q=Radisson%20Collection%20Hotel%2C%20Bodrum%20Akyarlar%20Bodrum&ved=2ahUKEwjszO-Xlr6WAxXABQYAHdCYLG8QvukIegQIAxAC&ts=CAAaGhIYEhIKBwjqDxAJGAcSBwjqDxAJGAgyAggCKgcKBToDVFJZ,verified_direct,95,https://uk.trip.com/hotels/bodrum-hotel-detail-75487192/radisson-collection-hotel-bodrum/,verified_direct,100,https://uk.trip.com/hotels/bodrum-hotel-detail-75487192/radisson-collection-hotel-bodrum/,2,False,True,True,True
BOD012,Selectum Collection Bodrum,Akyarlar,https://www.google.com/travel/hotels/entity/ChgI-abrn5G19OiAARoLL2cvMXRzcjVkZG4QAQ,verified_direct,100,https://www.trip.com/hotels/bodrum-hotel-detail-7877878/selectum-collection-bodrum/,verified_direct,100,https://www.trip.com/hotels/bodrum-hotel-detail-7877878/selectum-collection-bodrum/,2,False,True,True,True
BOD013,"Sentido Bellazure - Akyarlar, Bodrum / Turkey",Akyarlar,https://www.google.com/travel/hotels/entity/ChkI89S85_60gP2gARoML2cvMXE2anpicjRqEAE,verified_direct,100,https://uk.trip.com/hotels/bodrum-hotel-detail-10720331/sentido-bellazure-all-inclusive/,verified_direct,100,https://uk.trip.com/hotels/bodrum-hotel-detail-10720331/sentido-bellazure-all-inclusive/,2,False,True,True,True
BOD014,Suum Bodrum Hotel & Beach,Akyarlar,https://www.google.com/travel/hotels/entity/ChkI-e2c7Lvi3so-Gg0vZy8xMXZscmIxNWZwEAE?q=Suum%20Bodrum%20Hotel%20%26%20Beach%20Akyarlar%20Bodrum&ts=CAAaGhIYEhIKBwjqDxAJGAcSBwjqDxAJGAgyAggCKgcKBToDVFJZ&ved=2ahUKEwjDy8-elr6WAxWJOQYAHSpSBBkQvukIegQIAxAC,verified_direct,95,https://us.trip.com/hotels/bodrum-hotel-detail-116725989/suum-bodrum-hotel-beach/,verified_direct,100,https://us.trip.com/hotels/bodrum-hotel-detail-116725989/suum-bodrum-hotel-beach/,2,False,True,True,True
BOD015,The Ni Villas Akyarlar,Akyarlar,,NOT_FOUND,41,,NOT_FOUND,0,,0,False,False,False,False
BOD016,Xanadu Island,Akyarlar,https://www.google.com/travel/hotels/entity/ChcIgv_kqOT446h4GgsvZy8xdGZsdjYzORAB?q=Xanadu%20Island%20Akyarlar%20Bodrum&ved=2ahUKEwjM05Gulr6WAxWJOQYAHSpSBBkQvukIegQIAxAC&ts=CAAaGhIYEhIKBwjqDxAJGAcSBwjqDxAJGAgyAggCKgIKAA,verified_direct,95,https://www.trip.com/hotels/akyarlar-mahallesi-hotel-detail-17508018/xanadu-island-hotel/,verified_direct,100,https://www.trip.com/hotels/akyarlar-mahallesi-hotel-detail-17508018/xanadu-island-hotel/,2,False,True,True,True
BOD017,Ambrosia Otel Beach & Spa,Bitez,,review_required,79,https://www.trip.com/hotels/detail/?hotelId=3448116,verified_direct,93,https://www.trip.com/hotels/detail/?hotelId=3448116,1,True,False,True,True
BOD018,Bitez Deniz Hotel - Restaurant - Beach,Bitez,,review_required,83,,NOT_FOUND,65,,0,True,False,False,False
BOD019,Bitez Garden Life Hotel&Suites,Bitez,,review_required,82,,review_required,70,,0,True,False,False,False
BOD020,Bitez Risa Hotel,Bitez,https://www.google.com/travel/hotels/entity/ChgIqLSo4o_E9rtUGgwvZy8xMXkwbmxzajUQAQ?q=Bitez%20Risa%20Hotel%20Bitez%20Bodrum&ts=CAAaGhIYEhIKBwjqDxAJGAcSBwjqDxAJGAgyAggCKgcKBToDVFJZ&ved=2ahUKEwiFk4DQlr6WAxVRe0ECHVDNCIwQvukIegQIAxAC,verified_direct,95,https://www.trip.com/hotels/detail/?hotelId=3457591,verified_direct,95,https://www.trip.com/hotels/detail/?hotelId=3457591,2,False,True,True,True
BOD021,"Caresse, a Luxury Collection Resort & Spa, Bodrum",Bitez,https://www.google.com/travel/hotels/entity?q=Caresse%2C%20a%20Luxury%20Collection%20Resort%20%26%20Spa%2C%20Bodrum%20Bitez%20Bodrum&ved=2ahUKEwini8XWlr6WAxUWfUECHUCNEIAQvukIegUIAxDSAw&ts=CAEaNwoZEhcKDS9nLzExYnZfZGtzcHE6BkJvZHJ1bRIaEhQKBwjqDxAJGAcSBwjqDxAJGAgYATICCAIqBwoFOgNUUlk&rp=OAFIAg,verified_direct,86,https://www.trip.com/hotels/detail/?hotelId=3799303,verified_direct,95,https://www.trip.com/hotels/detail/?hotelId=3799303,2,False,True,True,True
BOD022,Dolce Vita Luxury Bungalows,Bitez,,review_required,81,,NOT_FOUND,0,,0,True,False,False,False
BOD023,Doria Hotel Bodrum,Bitez,,review_required,75,,review_required,73,,0,True,False,False,False
BOD024,HAKAN OTEL,Bitez,https://www.google.com/travel/hotels/entity/ChcI4LLmvM7ss58xGgsvZy8xdGQ0NHA1NxAB?q=HAKAN%20OTEL%20Bitez%20Bodrum&ved=2ahUKEwjH76Pvlr6WAxXEUEECHRaaAcIQvukIegQIAxAC&ts=CAAaGhIYEhIKBwjqDxAJGAcSBwjqDxAJGAgyAggCKgcKBToDVFJZ,verified_direct,95,,review_required,74,,1,True,True,False,False
BOD025,Halikarya Hotel & Restaurant Beach,Bitez,https://www.google.com/travel/hotels/entity/ChkI6pWuqJPY-ZwEGg0vZy8xMXlnXzFkejZ5EAE?q=Halikarya%20Hotel%20%26%20Restaurant%20Beach%20Bitez%20Bodrum&ved=2ahUKEwiRzOv1lr6WAxXLdkECHR00OEEQvukIegQIAxAC&ts=CAAaGhIYEhIKBwjqDxAJGAcSBwjqDxAJGAgyAggCKgcKBToDVFJZ,verified_direct,95,https://www.trip.com/hotels/detail/?hotelId=133162789,verified_direct,95,https://www.trip.com/hotels/detail/?hotelId=133162789,2,False,True,True,True
BOD026,Manuela Otel Bitez,Bitez,https://www.google.com/travel/hotels/entity/ChcI-qjp_pHNlqM9GgsvZy8xdGR2OF8zcRAB?q=Manuela%20Otel%20Bitez%20Bitez%20Bodrum&ts=CAAaGhIYEhIKBwjqDxAJGAcSBwjqDxAJGAgyAggCKgIKAA&ved=2ahUKEwiqx4L_lr6WAxU2fUECHaUZLGAQvukIegQIAxAC&ap=KigKEgl4sK3fJoNCQBFTmHQQXmE7QBISCWCjDhXSg0JAEVOYdISOYjtA,verified_direct,95,,review_required,75,,1,True,True,False,False
BOD027,Meis Apart Hotel,Bitez,,review_required,74,,NOT_FOUND,41,,0,True,False,False,False
BOD028,Mira Beach Resort Bodrum,Bitez,,review_required,79,,NOT_FOUND,0,,0,True,False,False,False
BOD029,Mumu Bodrum Hotel,Bitez,,review_required,75,https://www.trip.com/hotels/detail/?hotelId=119015660,verified_direct,95,https://www.trip.com/hotels/detail/?hotelId=119015660,1,True,False,True,True
BOD030,Natur Garden Hotel Bitez Bodrum,Bitez,https://www.google.com/travel/hotels/entity/ChgI_YuOi7bAtqT2ARoLL2cvMXRkdDNmeWgQAQ?q=Natur%20Garden%20Hotel%20Bitez%20Bodrum%20Bitez%20Bodrum&ved=2ahUKEwicu8-hl76WAxUZlnwGHTIDEYQQvukIegQIAxAC&ts=CAAaGhIYEhIKBwjqDxAJGAcSBwjqDxAJGAgyAggCKgIKAA,verified_direct,95,,review_required,71,,1,True,True,False,False
BOD031,Okaliptus Otel,Bitez,https://www.google.com/travel/hotels/entity/ChcImKD7qd_k4OsZGgsvZy8xdHA2OHFfNhAB?q=Okaliptus%20Otel%20Bitez%20Bodrum&ved=2ahUKEwikzJWol76WAxWoAwYAHfHqA1MQvukIegQIAxAC&ts=CAAaGhIYEhIKBwjqDxAJGAcSBwjqDxAJGAgyAggCKgcKBToDVFJZ,verified_direct,95,https://www.trip.com/hotels/detail/?hotelId=5420290,verified_direct,95,https://www.trip.com/hotels/detail/?hotelId=5420290,2,False,True,True,True
BOD032,Paloma Family Club Bitez,Bitez,https://www.google.com/travel/hotels/entity/ChgIpr3nq9uz05WXARoLL2cvMXRuZGdtajEQAQ?q=Paloma%20Family%20Club%20Bitez%20Bitez%20Bodrum&ts=CAAaGhIYEhIKBwjqDxAJGAcSBwjqDxAJGAgyAggCKgcKBToDVFJZ&ved=2ahUKEwi03pKvl76WAxWqj3wGHX_GF08QvukIegQIAxAC,verified_direct,95,,review_required,82,,1,True,True,False,False
BOD033,Ramada Resort by Wyndham Bodrum,Bitez,https://www.google.com/travel/hotels/entity/ChcI_6azjs-vhudnGgsvZy8xdnBnajBfeRAB?q=Ramada%20Resort%20by%20Wyndham%20Bodrum%20Bitez%20Bodrum&ved=2ahUKEwjp_9K1l76WAxXmZkECHYt_Ff8QvukIegQIAxAC&ts=CAAaGhIYEhIKBwjqDxAJGAcSBwjqDxAJGAgyAggCKgcKBToDVFJZ,verified_direct,95,https://www.trip.com/hotels/detail/?hotelId=2504739,verified_direct,95,https://www.trip.com/hotels/detail/?hotelId=2504739,2,False,True,True,True
BOD034,Çınar Butik Otel Bodrum,Bitez,https://www.google.com/travel/hotels/entity/ChkIkpWL3r_aqPFYGg0vZy8xMXBrbHRreHgxEAE?q=%C3%87%C4%B1nar%20Butik%20Otel%20Bodrum%20Bitez%20Bodrum&ts=CAAaGhIYEhIKBwjqDxAJGAcSBwjqDxAJGAgyAggCKgcKBToDVFJZ&ved=2ahUKEwigxKu8l76WAxUrBQYAHeURI20QvukIegQIAxAC,verified_direct,95,,review_required,84,,1,True,True,False,False
BOD035,Azka Otel - Bardakçı Koyu,Bodrum Merkez,,NOT_FOUND,67,,NOT_FOUND,54,,0,False,False,False,False
BOD036,Bodrium Hotel & SPA,Bodrum Merkez,https://www.google.com/travel/hotels/entity/ChcIoPuags-X5e91GgsvZy8xdGQxMDhibhAB,verified_direct,100,https://www.trip.com/hotels/detail/?hotelId=3053057,verified_direct,95,https://www.trip.com/hotels/detail/?hotelId=3053057,2,False,True,True,True
BOD037,Bodrum Bay Resort,Bodrum Merkez,,NOT_FOUND,61,,NOT_FOUND,0,,0,False,False,False,False
BOD038,Casa Mare Bodrum,Bodrum Merkez,,NOT_FOUND,59,,NOT_FOUND,0,,0,False,False,False,False
BOD039,Casa Nonna Bodrum,Bodrum Merkez,,NOT_FOUND,61,,NOT_FOUND,0,,0,False,False,False,False
BOD040,Diamond of Bodrum Hotel,Bodrum Merkez,,NOT_FOUND,67,,review_required,81,,0,True,False,False,False
BOD041,La Quinta by Wyndham Bodrum,Bodrum Merkez,,review_required,70,https://www.trip.com/hotels/detail/?hotelId=3112073,verified_direct,95,https://www.trip.com/hotels/detail/?hotelId=3112073,1,True,False,True,True
BOD042,Mandarin Resort Hotel,Bodrum Merkez,,NOT_FOUND,65,,ERROR,0,,0,False,False,False,False
BOD043,METT Hotel & Beach Resort Bodrum,Bodrum Merkez,https://www.google.com/travel/hotels/entity/CgoInJap_Zjz_rc_EAE,verified_direct,100,https://www.trip.com/hotels/detail/?hotelId=9664001,verified_direct,95,https://www.trip.com/hotels/detail/?hotelId=9664001,2,False,True,True,True
BOD044,Noa Suite Hotel,Bodrum Merkez,,NOT_FOUND,58,,review_required,71,,0,True,False,False,False
BOD045,Salmakis Resort & Spa,Bodrum Merkez,https://www.google.com/travel/hotels/entity/ChgIhcWasvPa_bf0ARoLL2cvMXRjeTBfX2sQAQ,verified_direct,100,https://www.trip.com/hotels/detail/?hotelId=2564875,verified_direct,95,https://www.trip.com/hotels/detail/?hotelId=2564875,2,False,True,True,True
BOD046,Senses Hotel,Bodrum Merkez,,NOT_FOUND,53,,NOT_FOUND,65,,0,False,False,False,False
BOD047,The Marmara Bodrum,Bodrum Merkez,,NOT_FOUND,62,,review_required,74,,0,True,False,False,False
BOD048,Babana Hotel,Göltürkbükü,https://www.google.com/travel/hotels/entity/ChgIgNK0_4KY6YacARoLL2cvMXZsMGJua18QAQ?q=Babana%20Hotel%20G%C3%B6lt%C3%BCrkb%C3%BCk%C3%BC%20Bodrum&ved=2ahUKEwjQpLjlmL6WAxUyNAYAHVnoHX4QvukIegQIAxAC&ts=CAAaGhIYEhIKBwjqDxAJGAcSBwjqDxAJGAgyAggCKgcKBToDVFJZ,verified_direct,95,https://www.trip.com/hotels/detail/?hotelId=3444382,verified_direct,95,https://www.trip.com/hotels/detail/?hotelId=3444382,2,False,True,True,True
BOD049,Casa Del Mar Bodrum,Göltürkbükü,https://www.google.com/travel/hotels/entity/ChkIiayplb67m6cGGg0vZy8xMWo3eV9jOTZkEAE?q=Casa%20Del%20Mar%20Bodrum%20G%C3%B6lt%C3%BCrkb%C3%BCk%C3%BC%20Bodrum&ts=CAAaGhIYEhIKBwjqDxAJGAcSBwjqDxAJGAgyAggCKgcKBToDVFJZ&ved=2ahUKEwjok57umL6WAxW6OwYAHaONGRIQvukIegQIAxAC,verified_direct,95,,NOT_FOUND,0,,1,False,True,False,False
BOD050,Daphnis Hotel Gölköy,Göltürkbükü,,review_required,77,,review_required,76,,0,True,False,False,False
BOD051,Faros Bodrum Hotel Göltürkbükü,Göltürkbükü,https://www.google.com/travel/hotels/entity/ChkIw7-b487k1v8NGg0vZy8xMWY0bGh5NXY3EAE,verified_direct,100,https://ae.trip.com/hotels/golturkbuku-hotel-detail-17200888/faros-bodrum-ex-villa-kilic-hotel/,verified_direct,100,https://ae.trip.com/hotels/golturkbuku-hotel-detail-17200888/faros-bodrum-ex-villa-kilic-hotel/,2,False,True,True,True
BOD052,Flamm Bodrum,Göltürkbükü,https://www.google.com/travel/hotels/entity/ChgInJybosXOnaMNGgwvZy8xMWdfYjNyOGgQAQ?q=Flamm%20Bodrum%20G%C3%B6lt%C3%BCrkb%C3%BCk%C3%BC%20Bodrum&ts=CAAaGhIYEhIKBwjqDxAJGAcSBwjqDxAJGAgyAggCKgcKBToDVFJZ&ved=2ahUKEwjqms2Mmb6WAxWqj3wGHX_GF08QvukIegQIAxAC,verified_direct,95,,NOT_FOUND,0,,1,False,True,False,False
BOD053,Gölköy Suites,Göltürkbükü,,review_required,70,,NOT_FOUND,0,,0,True,False,False,False
BOD054,Lavinya Maison,Göltürkbükü,https://www.google.com/travel/hotels/entity/ChkIkdO_vraRyObAARoML2cvMTEzZnYybXpoEAE?q=Lavinya%20Maison%20G%C3%B6lt%C3%BCrkb%C3%BCk%C3%BC%20Bodrum&ved=2ahUKEwj73Micmb6WAxWLPQYAHU6NKEoQvukIegQIAxAC&ts=CAAaGhIYEhIKBwjqDxAJGAcSBwjqDxAJGAgyAggCKgIKAA,verified_direct,95,,NOT_FOUND,67,,1,False,True,False,False
BOD055,Lavinya Otel Göltürkbükü,Göltürkbükü,https://www.google.com/travel/hotels/entity/CgsIzujNwKKw17XYARAB,verified_direct,100,https://www.trip.com/hotels/golturkbuku-hotel-detail-4067437/lavinya-otel/,verified_direct,100,https://www.trip.com/hotels/golturkbuku-hotel-detail-4067437/lavinya-otel/,2,False,True,True,True
BOD056,"Mandarin Oriental, Bodrum",Göltürkbükü,https://www.google.com/travel/hotels/entity/ChgI0ZWL5OHIovcnGgwvZy8xcTY3cF82NzgQAQ,verified_direct,100,https://www.trip.com/hotels/bodrum-hotel-detail-1661001/mandarin-oriental-bodrum/,verified_direct,100,https://www.trip.com/hotels/bodrum-hotel-detail-1661001/mandarin-oriental-bodrum/,2,False,True,True,True
BOD057,Selvi Bodrum,Göltürkbükü,https://www.google.com/travel/hotels/entity/ChgIwemp-sDO7cQMGgwvZy8xMnE0dGc5X3oQAQ?q=Selvi%20Bodrum%20G%C3%B6lt%C3%BCrkb%C3%BCk%C3%BC%20Bodrum&ved=2ahUKEwiXs62jmb6WAxVkZUECHQD6KnsQvukIegQIAxAC&ts=CAAaGhIYEhIKBwjqDxAJGAcSBwjqDxAJGAgyAggCKgIKAA,verified_direct,95,,NOT_FOUND,0,,1,False,True,False,False
BOD058,Bodrum Beach Resort,Gümbet,https://www.google.com/travel/hotels/entity/ChgI6eX_zO-jka-3ARoLL2cvMXRqNXN5OGwQAQ,verified_direct,100,https://us.trip.com/hotels/gumbet-hotel-detail-4057730/bodrum-beach-resort/,verified_direct,100,https://us.trip.com/hotels/gumbet-hotel-detail-4057730/bodrum-beach-resort/,2,False,True,True,True
BOD059,Bodrum Hotel Baba,Gümbet,https://www.google.com/travel/hotels/entity/CgoIp_uGjqeilrEjEAE,verified_direct,100,https://ae.trip.com/hotels/gumbet-hotel-detail-7138850/hotel-baba-all-inclusive/,verified_direct,100,https://ae.trip.com/hotels/gumbet-hotel-detail-7138850/hotel-baba-all-inclusive/,2,False,True,True,True
BOD060,Club Shark Hotel,Gümbet,https://www.google.com/travel/hotels/entity/ChgImcHF4_qzsKm5ARoLL2cvMXRkamxta2sQAQ?q=Club%20Shark%20Hotel%20G%C3%BCmbet%20Bodrum&ts=CAAaGhIYEhIKBwjqDxAJGAcSBwjqDxAJGAgyAggCKgcKBToDVFJZ&ved=2ahUKEwih6eCqmb6WAxXBaEECHSFvFZkQvukIegQIAxAC,verified_direct,95,https://www.trip.com/hotels/detail/?hotelId=3110682,verified_direct,95,https://www.trip.com/hotels/detail/?hotelId=3110682,2,False,True,True,True
BOD061,Gümbet Anıl Beach,Gümbet,https://www.google.com/travel/hotels/entity/ChgI-8jIhJzX8relARoLL2cvMXRmZjBiXzYQAQ?q=G%C3%BCmbet%20An%C4%B1l%20Beach%20G%C3%BCmbet%20Bodrum&ved=2ahUKEwjnj7uxmb6WAxVEi3wGHT5JC3YQvukIegQIAxAC&ts=CAAaGhIYEhIKBwjqDxAJGAcSBwjqDxAJGAgyAggCKgIKAA,verified_direct,95,https://www.trip.com/hotels/detail/?hotelId=3139941,verified_direct,95,https://www.trip.com/hotels/detail/?hotelId=3139941,2,False,True,True,True
BOD062,"Gümbet Cove Hotel, Muğla Türkiye",Gümbet,,review_required,83,,NOT_FOUND,69,,0,True,False,False,False
BOD063,Jasmin Beach Hotel,Gümbet,https://www.google.com/travel/hotels/entity/ChgIm7Skp6jayo0JGgwvZy8xaGRfZDR0MTkQAQ?q=Jasmin%20Beach%20Hotel%20G%C3%BCmbet%20Bodrum&ts=CAAaGhIYEhIKBwjqDxAJGAcSBwjqDxAJGAgyAggCKgcKBToDVFJZ&ved=2ahUKEwjUhqm_mb6WAxVRe0ECHVDNCIwQvukIegQIAxAC,verified_direct,95,,ERROR,0,,1,False,True,False,False
BOD064,Jasmin Elite Residence & Spa,Gümbet,https://www.google.com/travel/hotels/entity/ChgIgZSIp_O8x3MaDS9nLzExZnh3c3pqeDAQAQ?q=Jasmin%20Elite%20Residence%20%26%20Spa%20G%C3%BCmbet%20Bodrum&ts=CAAaGhIYEhIKBwjqDxAJGAcSBwjqDxAJGAgyAggCKgcKBToDVFJZ&ved=2ahUKEwj5kpLGmb6WAxVkZUECHQD6KnsQvukIegQIAxAC,verified_direct,95,https://www.trip.com/hotels/detail/?hotelId=10734986,verified_direct,95,https://www.trip.com/hotels/detail/?hotelId=10734986,2,False,True,True,True
BOD065,Mirada Exclusive Bodrum,Gümbet,https://www.google.com/travel/hotels/entity/ChoIsqH9xsjG_r-rARoNL2cvMTFzbXQ1YjNqNxAB,verified_direct,100,https://www.trip.com/hotels/detail/?hotelId=96677392,verified_direct,95,https://www.trip.com/hotels/detail/?hotelId=96677392,2,False,True,True,True
BOD066,Royal Asarlik Beach Hotel & Spa,Gümbet,https://www.google.com/travel/hotels/entity/ChkI_76qtKi0wuyrARoML2cvMTJtOTFzNDl6EAE,verified_direct,100,https://www.trip.com/hotels/detail/?hotelId=4373993,verified_direct,88,https://www.trip.com/hotels/detail/?hotelId=4373993,2,False,True,True,True
BOD067,Sami Beach Hotel,Gümbet,https://www.google.com/travel/hotels/entity/ChkIx5-i2Nn1nZSQARoML2cvMTEzZHFwbTdwEAE?q=Sami%20Beach%20Hotel%20G%C3%BCmbet%20Bodrum&ts=CAAaGhIYEhIKBwjqDxAJGAcSBwjqDxAJGAgyAggCKgIKAA&ved=2ahUKEwjkiN_Mmb6WAxXBaEECHSFvFZkQvukIegQIAxAC,verified_direct,95,,NOT_FOUND,43,,1,False,True,False,False
BOD068,Selectum Colours Bodrum,Gümbet,https://www.google.com/travel/hotels/entity/ChkIiavW48r20LIjGg0vZy8xMWZuNjFqcXI4EAE?q=Selectum%20Colours%20Bodrum%20G%C3%BCmbet%20Bodrum&ved=2ahUKEwjvuN3Tmb6WAxVEi3wGHT5JC3YQvukIegQIAxAC&ts=CAAaGhIYEhIKBwjqDxAJGAcSBwjqDxAJGAgyAggCKgcKBToDVFJZ,verified_direct,95,https://www.trip.com/hotels/detail/?hotelId=10718129,verified_direct,95,https://www.trip.com/hotels/detail/?hotelId=10718129,2,False,True,True,True
BOD069,Siesta Beach Apart,Gümbet,,review_required,75,,NOT_FOUND,0,,0,True,False,False,False
BOD070,The Luvi Hotel,Gümbet,https://www.google.com/travel/hotels/entity/ChgI0OmIl_qunPTFARoLL2cvMXRzeXh2eWMQAQ,verified_direct,100,,NOT_FOUND,67,,1,False,True,False,False
BOD071,Tropicana Beach Hotel,Gümbet,https://www.google.com/travel/hotels/entity/ChgIt8eM1NGWrOeJARoLL2cvMXRkcmhrdGsQAQ?q=Tropicana%20Beach%20Hotel%20G%C3%BCmbet%20Bodrum&ts=CAAaGhIYEhIKBwjqDxAJGAcSBwjqDxAJGAgyAggCKgcKBToDVFJZ&ved=2ahUKEwizr9_jmb6WAxVoh3wGHUiKCLMQvukIegQIAxAC,verified_direct,95,https://my.trip.com/hotels/gumbet-hotel-detail-3139968/tropicana-beach/,verified_direct,100,https://my.trip.com/hotels/gumbet-hotel-detail-3139968/tropicana-beach/,2,False,True,True,True
BOD072,VERY CHIC BODRUM,Gümbet,,review_required,74,https://uk.trip.com/hotels/bodrum-hotel-detail-3448155/very-chic-bodrum-adult-only/,verified_direct,100,https://uk.trip.com/hotels/bodrum-hotel-detail-3448155/very-chic-bodrum-adult-only/,1,True,False,True,True
BOD073,Arriba Apartment & Restaurant & Bungalows,Gümüşlük,https://www.google.com/travel/hotels/entity/ChkItPHf3uPq-rBzGg0vZy8xMWI2ZHFiNmw5EAE?q=Arriba%20Apartment%20%26%20Restaurant%20%26%20Bungalows%20G%C3%BCm%C3%BC%C5%9Fl%C3%BCk%20Bodrum&ts=CAAaGhIYEhIKBwjqDxAJGAcSBwjqDxAJGAgyAggCKgcKBToDVFJZ&ved=2ahUKEwiDiJ_ymb6WAxUAWEECHaQdIG8QvukIegQIAxAC,verified_direct,95,https://www.trip.com/hotels/gumusluk-hotel-detail-96123030/arriba-apart-bungalow-restaurant/,verified_direct,100,https://www.trip.com/hotels/gumusluk-hotel-detail-96123030/arriba-apart-bungalow-restaurant/,2,False,True,True,True
BOD074,Begonvil Gümüşlük,Gümüşlük,https://www.google.com/travel/hotels/entity/ChoIy9G07sGTgtCOARoNL2cvMTF2NDhubGtkORAB?q=Begonvil%20G%C3%BCm%C3%BC%C5%9Fl%C3%BCk%20G%C3%BCm%C3%BC%C5%9Fl%C3%BCk%20Bodrum&ts=CAAaGhIYEhIKBwjqDxAJGAcSBwjqDxAJGAgyAggCKgcKBToDVFJZ&ved=2ahUKEwi_uPL6mb6WAxXEIQYAHYN4OBMQvukIegQIAxAC,verified_direct,95,https://www.trip.com/hotels/gumusluk-hotel-detail-127410335/begonvil-gmlk/,verified_direct,100,https://www.trip.com/hotels/gumusluk-hotel-detail-127410335/begonvil-gmlk/,2,False,True,True,True
BOD075,Benjamin Otel,Gümüşlük,,review_required,70,,NOT_FOUND,0,,0,True,False,False,False
BOD076,Gümüşlük No3,Gümüşlük,,NOT_FOUND,69,https://www.trip.com/hotels/gumusluk-hotel-detail-109836085/gumusluk-no3/,verified_direct,100,https://www.trip.com/hotels/gumusluk-hotel-detail-109836085/gumusluk-no3/,1,False,False,True,True
BOD077,Ladonia Hotels Zemda,Gümüşlük,https://www.google.com/travel/hotels/entity/ChgI74a6--jat-CbARoLL2cvMXRkajFqa3EQAQ?q=Ladonia%20Hotels%20Zemda%20G%C3%BCm%C3%BC%C5%9Fl%C3%BCk%20Bodrum&ts=CAAaGhIYEhIKBwjqDxAJGAcSBwjqDxAJGAgyAggCKgcKBToDVFJZ&ved=2ahUKEwiI5bOXmr6WAxU2fUECHaUZLGAQvukIegQIAxAC,verified_direct,95,,review_required,78,,1,True,True,False,False
BOD078,Liman Hotel Gümüslük (Adult only),Gümüşlük,,review_required,83,https://www.trip.com/hotels/bodrum-hotel-detail-79101381/liman-hotel-gmslk-adult-only/,verified_direct,100,https://www.trip.com/hotels/bodrum-hotel-detail-79101381/liman-hotel-gmslk-adult-only/,1,True,False,True,True
BOD079,Metin's Gümüşlük - Hotel & Restaurant,Gümüşlük,,review_required,83,,NOT_FOUND,61,,0,True,False,False,False
BOD080,Myndos Oda & kahvalti,Gümüşlük,https://www.google.com/travel/hotels/entity/ChgIqqvF8smdko4KGgwvZy8xaGY0bWRiel8QAQ?q=Myndos%20Oda%20%26%20kahvalti%20G%C3%BCm%C3%BC%C5%9Fl%C3%BCk%20Bodrum&ved=2ahUKEwjDypGumr6WAxWoAwYAHfHqA1MQvukIegQIAxAC&ts=CAAaGhIYEhIKBwjqDxAJGAcSBwjqDxAJGAgyAggCKgcKBToDVFJZ,verified_direct,95,,NOT_FOUND,60,,1,False,True,False,False
BOD081,Oda Bodrum Gümüşlük,Gümüşlük,,NOT_FOUND,44,https://www.trip.com/hotels/detail/?hotelId=45808524,verified_direct,95,https://www.trip.com/hotels/detail/?hotelId=45808524,1,False,False,True,True
BOD082,Otel Gümüşlük,Gümüşlük,,review_required,70,https://www.trip.com/hotels/detail/?hotelId=10621542,verified_direct,92,https://www.trip.com/hotels/detail/?hotelId=10621542,1,True,False,True,True
BOD083,Oza butik hotel,Gümüşlük,,review_required,73,,NOT_FOUND,0,,0,True,False,False,False
BOD084,Paradise Garden Apartments,Gümüşlük,,review_required,74,,NOT_FOUND,46,,0,True,False,False,False
BOD085,Paradise Gümüşlük,Gümüşlük,,NOT_FOUND,46,https://www.trip.com/hotels/detail/?hotelId=47296921,verified_direct,95,https://www.trip.com/hotels/detail/?hotelId=47296921,1,False,False,True,True
BOD086,Vega Aparts,Gümüşlük,https://www.google.com/travel/hotels/entity/ChkIzdWl4u2Z7eoMGg0vZy8xMWNzMDR3cXk0EAE?q=Vega%20Aparts%20G%C3%BCm%C3%BC%C5%9Fl%C3%BCk%20Bodrum&ts=CAAaGhIYEhIKBwjqDxAJGAcSBwjqDxAJGAgyAggCKgcKBToDVFJZ&ved=2ahUKEwia8IHemr6WAxUsdUECHfFDK1cQvukIegQIAxAC,verified_direct,95,https://www.trip.com/hotels/detail/?hotelId=6158557,verified_direct,95,https://www.trip.com/hotels/detail/?hotelId=6158557,2,False,True,True,True
BOD087,Wanderheaven Camping & Tiny House Bodrum,Gümüşlük,https://www.google.com/travel/hotels/entity/ChkIvoT_1--qsqtmGg0vZy8xMWZ0MDN0NHdnEAE?q=Wanderheaven%20Camping%20%26%20Tiny%20House%20Bodrum%20G%C3%BCm%C3%BC%C5%9Fl%C3%BCk%20Bodrum&ts=CAAaGhIYEhIKBwjqDxAJGAcSBwjqDxAJGAgyAggCKgcKBToDVFJZ&ved=2ahUKEwj5gtjkmr6WAxUgQ0ECHbFvLoQQvukIegQIAxAC,verified_direct,95,,NOT_FOUND,0,,1,False,True,False,False
BOD088,Baia Bodrum Hotel,Gündoğan,https://www.google.com/travel/hotels/entity/ChgIj8jCtfnP6LOWARoLL2cvMXRkXzdjbjUQAQ?q=Baia%20Bodrum%20Hotel%20G%C3%BCndo%C4%9Fan%20Bodrum&ts=CAAaGhIYEhIKBwjqDxAJGAcSBwjqDxAJGAgyAggCKgIKAA&ved=2ahUKEwjxspHrmr6WAxU2TEECHQgYJoEQvukIegQIAxAC,verified_direct,95,https://www.trip.com/hotels/detail/?hotelId=4389371,verified_direct,95,https://www.trip.com/hotels/detail/?hotelId=4389371,2,False,True,True,True
BOD089,Cape Bodrum Luxury Hotel & Beach,Gündoğan,https://www.google.com/travel/hotels/entity/ChkIndCDzp2Bh5EDGg0vZy8xMWMza2RmYjN2EAE?q=Cape%20Bodrum%20Luxury%20Hotel%20%26%20Beach%20G%C3%BCndo%C4%9Fan%20Bodrum&ts=CAAaGhIYEhIKBwjqDxAJGAcSBwjqDxAJGAgyAggCKgcKBToDVFJZ&ved=2ahUKEwjF0Nnxmr6WAxUQBwYAHYdwNFoQvukIegQIAxAC,verified_direct,95,https://www.trip.com/hotels/detail/?hotelId=4046304,verified_direct,95,https://www.trip.com/hotels/detail/?hotelId=4046304,2,False,True,True,True
BOD090,Costa Farilya Special Class Hotel Bodrum,Gündoğan,https://www.google.com/travel/hotels/entity/ChcImKDItNyxy7N-GgsvZy8xdG1jdjlqdxAB?q=Costa%20Farilya%20Special%20Class%20Hotel%20Bodrum%20G%C3%BCndo%C4%9Fan%20Bodrum&ved=2ahUKEwi_0cv4mr6WAxUvOAYAHSL-BWYQvukIegQIAxAC&ts=CAAaGhIYEhIKBwjqDxAJGAcSBwjqDxAJGAgyAggCKgcKBToDVFJZ,verified_direct,95,https://www.trip.com/hotels/detail/?hotelId=3451304,verified_direct,95,https://www.trip.com/hotels/detail/?hotelId=3451304,2,False,True,True,True
BOD091,Gündoğan Suites,Gündoğan,,review_required,73,https://www.trip.com/hotels/detail/?hotelId=119308463,verified_direct,95,https://www.trip.com/hotels/detail/?hotelId=119308463,1,True,False,True,True
BOD092,Liona Hotel,Gündoğan,,NOT_FOUND,67,,review_required,81,,0,True,False,False,False
BOD093,Malta Bodrum Hotel,Gündoğan,,review_required,75,,NOT_FOUND,65,,0,True,False,False,False
BOD094,Marje Villas,Gündoğan,,NOT_FOUND,69,,NOT_FOUND,0,,0,False,False,False,False
BOD095,Mivara Luxury Bodrum,Gündoğan,https://www.google.com/travel/hotels/entity/ChkIx9HcjJLU4qBeGg0vZy8xMWI2ZHA3ODluEAE?q=Mivara%20Luxury%20Bodrum%20G%C3%BCndo%C4%9Fan%20Bodrum&ts=CAAaGhIYEhIKBwjqDxAJGAcSBwjqDxAJGAgyAggCKgcKBToDVFJZ&ved=2ahUKEwjj9sCcm76WAxXSBwYAHbImEY8QvukIegQIAxAC,verified_direct,95,https://www.trip.com/hotels/detail/?hotelId=5943823,verified_direct,95,https://www.trip.com/hotels/detail/?hotelId=5943823,2,False,True,True,True
BOD096,Olira Boutique Hotel&SPA,Gündoğan,https://www.google.com/travel/hotels/entity/ChcItYXzoL2fxOIXGgsvZy8xdGQ3d2N5NRAB?q=Olira%20Boutique%20Hotel%26SPA%20G%C3%BCndo%C4%9Fan%20Bodrum&ved=2ahUKEwjLtcKjm76WAxWqj3wGHX_GF08QvukIegQIAxAC&ts=CAAaGhIYEhIKBwjqDxAJGAcSBwjqDxAJGAgyAggCKgcKBToDVFJZ,verified_direct,95,https://www.trip.com/hotels/detail/?hotelId=4057640,verified_direct,95,https://www.trip.com/hotels/detail/?hotelId=4057640,2,False,True,True,True
BOD097,OLİVE TREE HOTEL,Gündoğan,,review_required,74,https://www.trip.com/hotels/detail/?hotelId=1052156,verified_direct,95,https://www.trip.com/hotels/detail/?hotelId=1052156,1,True,False,True,True
BOD098,Swissôtel Living Bodrum,Gündoğan,https://www.google.com/travel/hotels/entity/ChkIlLOokvjigqA1Gg0vZy8xMXk1N2d3OTNfEAE?q=Swiss%C3%B4tel%20Living%20Bodrum%20G%C3%BCndo%C4%9Fan%20Bodrum&ts=CAAaGhIYEhIKBwjqDxAJGAcSBwjqDxAJGAgyAggCKgcKBToDVFJZ&ved=2ahUKEwibjaSym76WAxVWYEECHQU4LhQQvukIegQIAxAC,verified_direct,95,,NOT_FOUND,27,,1,False,True,False,False
BOD099,Villa Oliva Butik Otel,Gündoğan,https://www.google.com/travel/hotels/entity/ChkIkN7p8P39zesaGg0vZy8xMWY2NnRjNnRiEAE?q=Villa%20Oliva%20Butik%20Otel%20G%C3%BCndo%C4%9Fan%20Bodrum&ts=CAAaGhIYEhIKBwjqDxAJGAcSBwjqDxAJGAgyAggCKgcKBToDVFJZ&ved=2ahUKEwjr2Ii5m76WAxV8d0ECHWh-BvsQvukIegQIAxAC,verified_direct,95,,NOT_FOUND,0,,1,False,True,False,False
BOD100,Villa Rustica Hotel,Gündoğan,,review_required,76,https://www.trip.com/hotels/detail/?hotelId=3802712,verified_direct,95,https://www.trip.com/hotels/detail/?hotelId=3802712,1,True,False,True,True
BOD101,Vita Bella Hotel Resort & Spa,Gündoğan,https://www.google.com/travel/hotels/entity/ChkIneO864rglboNGg0vZy8xMWg1MjFfOWsxEAE?q=Vita%20Bella%20Hotel%20Resort%20%26%20Spa%20G%C3%BCndo%C4%9Fan%20Bodrum&ts=CAAaGhIYEhIKBwjqDxAJGAcSBwjqDxAJGAgyAggCKgcKBToDVFJZ&ved=2ahUKEwjQoqnHm76WAxV3SEECHWX1CgYQvukIegQIAxAC,verified_direct,95,,review_required,75,,1,True,True,False,False
BOD102,Akyalı Butik Hotel,Güvercinlik,https://www.google.com/travel/hotels/entity/ChgIlbPGuuqElZ8jGgwvZy8xaGMyeXdwZjEQAQ?q=Akyal%C4%B1%20Butik%20Hotel%20G%C3%BCvercinlik%20Bodrum&ts=CAAaGhIYEhIKBwjqDxAJGAcSBwjqDxAJGAgyAggCKgcKBToDVFJZ&ved=2ahUKEwjVz4LOm76WAxUgQ0ECHbFvLoQQvukIegQIAxAC,verified_direct,95,,review_required,83,,1,True,True,False,False
BOD103,Green Bay Resort & Spa Bodrum,Güvercinlik,,review_required,81,,review_required,82,,0,True,False,False,False
BOD104,Greenport Bodrum,Güvercinlik,https://www.google.com/travel/hotels/entity/ChkI6YHBsbyHrLJCGg0vZy8xMWNqazJ2OW52EAE?q=Greenport%20Bodrum%20G%C3%BCvercinlik%20Bodrum&ts=CAAaGhIYEhIKBwjqDxAJGAcSBwjqDxAJGAgyAggCKgcKBToDVFJZ&ved=2ahUKEwjjraDcm76WAxUYQ0ECHbKvJJkQvukIegQIAxAC,verified_direct,95,,review_required,81,,1,True,True,False,False
BOD105,İsolina Hotel,Güvercinlik,https://www.google.com/travel/hotels/entity/ChkI2rPL1dHo1Yw4Gg0vZy8xMXN2amYyaGJfEAE?q=%C4%B0solina%20Hotel%20G%C3%BCvercinlik%20Bodrum&ts=CAAaGhIYEhIKBwjqDxAJGAcSBwjqDxAJGAgyAggCKgcKBToDVFJZ&ved=2ahUKEwiytvjim76WAxVQlHwGHZXGNkcQvukIegQIAxAC,verified_direct,95,,NOT_FOUND,65,,1,False,True,False,False
BOD106,La Blanche Island Bodrum,Güvercinlik,https://www.google.com/travel/hotels/entity/ChkI4eCHteSeoocbGg0vZy8xMWI2ZDQwNTc3EAE?q=La%20Blanche%20Island%20Bodrum%20G%C3%BCvercinlik%20Bodrum&ved=2ahUKEwj3oo7qm76WAxVZBAYAHT2aPXsQvukIegQIAxAC&ts=CAAaGhIYEhIKBwjqDxAJGAcSBwjqDxAJGAgyAggCKgcKBToDVFJZ,verified_direct,95,https://www.trip.com/hotels/detail/?hotelId=3444509,verified_direct,95,https://www.trip.com/hotels/detail/?hotelId=3444509,2,False,True,True,True
BOD107,Le Méridien Bodrum Beach Resort,Güvercinlik,https://www.google.com/travel/hotels/entity/ChkIjZOUgv6r2M5FGg0vZy8xMWo4dnJwcjAwEAE?q=Le%20M%C3%A9ridien%20Bodrum%20Beach%20Resort%20G%C3%BCvercinlik%20Bodrum&ts=CAAaGhIYEhIKBwjqDxAJGAcSBwjqDxAJGAgyAggCKgcKBToDVFJZ&ved=2ahUKEwje3sDwm76WAxW7OgYAHaBPIiwQvukIegQIAxAC,verified_direct,95,https://www.trip.com/hotels/detail/?hotelId=9032904,verified_direct,95,https://www.trip.com/hotels/detail/?hotelId=9032904,2,False,True,True,True
BOD108,Lujo Hotel Bodrum,Güvercinlik,https://www.google.com/travel/hotels/entity/ChkIi8Wuu6C7wvESGg0vZy8xMWZ5NTU3MTB2EAE?q=Lujo%20Hotel%20Bodrum%20G%C3%BCvercinlik%20Bodrum&ts=CAAaGhIYEhIKBwjqDxAJGAcSBwjqDxAJGAgyAggCKgIKAA&ved=2ahUKEwiP4u-EnL6WAxUECAYAHZ-9D3cQvukIegQIAxAC,verified_direct,95,https://www.trip.com/hotels/detail/?hotelId=21877526,verified_direct,95,https://www.trip.com/hotels/detail/?hotelId=21877526,2,False,True,True,True
BOD109,Oscar Seaside Hotel & Spa,Güvercinlik,https://www.google.com/travel/hotels/entity/ChoIh_eat86k7YyVARoNL2cvMTFzdHliZmJoXxAB?q=Oscar%20Seaside%20Hotel%20%26%20Spa%20G%C3%BCvercinlik%20Bodrum&ts=CAAaGhIYEhIKBwjqDxAJGAcSBwjqDxAJGAgyAggCKgcKBToDVFJZ&ved=2ahUKEwiJlceMnL6WAxU8ekECHYoME5MQvukIegQIAxAC,verified_direct,95,,NOT_FOUND,28,,1,False,True,False,False
BOD110,Titanic Luxury Collection Bodrum,Güvercinlik,,review_required,83,https://www.trip.com/hotels/detail/?hotelId=5798293,verified_direct,95,https://www.trip.com/hotels/detail/?hotelId=5798293,1,True,False,True,True
BOD111,Zena Hotel Bodrum,Güvercinlik,https://www.google.com/travel/hotels/entity/ChkItK_FiY_Soc90Gg0vZy8xMWI2MzhuNno5EAE?q=Zena%20Hotel%20Bodrum%20G%C3%BCvercinlik%20Bodrum&ved=2ahUKEwiMyP6ZnL6WAxVOb0ECHew7Fu4QvukIegQIAxAC&ts=CAAaGhIYEhIKBwjqDxAJGAcSBwjqDxAJGAgyAggCKgcKBToDVFJZ,verified_direct,95,https://www.trip.com/hotels/detail/?hotelId=3803347,verified_direct,95,https://www.trip.com/hotels/detail/?hotelId=3803347,2,False,True,True,True
BOD112,Azure By Yelken Hotel,Kadıkalesi,,NOT_FOUND,68,https://www.trip.com/hotels/detail/?hotelId=5273989,verified_direct,95,https://www.trip.com/hotels/detail/?hotelId=5273989,1,False,False,True,True
BOD113,Kadıkale Resort,Kadıkalesi,https://www.google.com/travel/hotels/entity/ChcI267av9v2hps2GgsvZy8xdGZkdmtjMBAB,verified_direct,100,,NOT_FOUND,0,,1,False,True,False,False
BOD114,Sianji Well-Being Resort Thermal & Spa,Kadıkalesi,,review_required,77,,review_required,77,,0,True,False,False,False
BOD115,Yasmin Bodrum Resort,Kadıkalesi,,NOT_FOUND,48,https://www.trip.com/hotels/detail/?hotelId=3443397,verified_direct,95,https://www.trip.com/hotels/detail/?hotelId=3443397,1,False,False,True,True
BOD116,Acropol Of Bodrum Beach Hotel - Restaurant,Ortakent-Yahşi,https://www.google.com/travel/hotels/entity?q=Acropol%20Of%20Bodrum%20Beach%20Hotel%20%20%20Restaurant%20Ortakent%20Yah%C5%9Fi%20Bodrum&ved=2ahUKEwiazLvFnL6WAxXNcUECHZHjF48QvukIegUIAxC6Aw&ts=CAEaWwo9EjsKDS9nLzExajN3cmgweG06KkFjcm9wb2wgT2YgQm9kcnVtIEJlYWNoIEhvdGVsIC0gUmVzdGF1cmFudBIaEhQKBwjqDxAJGAcSBwjqDxAJGAgYATICCAIqBwoFOgNUUlk&rp=OAFIAg,verified_direct,85,,review_required,81,,1,True,True,False,False
BOD117,Altınkaya Hotel,Ortakent-Yahşi,,review_required,73,,NOT_FOUND,65,,0,True,False,False,False
BOD118,Amfora Hotel,Ortakent-Yahşi,,NOT_FOUND,44,https://www.trip.com/hotels/detail/?hotelId=9921726,verified_direct,95,https://www.trip.com/hotels/detail/?hotelId=9921726,1,False,False,True,True
BOD119,"Bodrum Suites Apart Otel, Ortakent - Yahşi",Ortakent-Yahşi,https://www.google.com/travel/hotels/entity/ChgI7MOug7ORgqmWARoLL2cvMXhnYzB3cHcQAQ?q=Bodrum%20Suites%20Apart%20Otel%2C%20Ortakent%20%20%20Yah%C5%9Fi%20Ortakent%20Yah%C5%9Fi%20Bodrum&ved=2ahUKEwjCiKDhnL6WAxX_lHwGHRXjCUkQvukIegQIAxAC&ts=CAAaGhIYEhIKBwjqDxAJGAcSBwjqDxAJGAgyAggCKgIKAA,verified_direct,95,,NOT_FOUND,0,,1,False,True,False,False
BOD120,Celeste Bella Luxury Hotel & Spa,Ortakent-Yahşi,https://www.google.com/travel/hotels/entity/ChoIppOc87W0lb3MARoNL2cvMTFrYnozeXA3bRAB?q=Celeste%20Bella%20Luxury%20Hotel%20%26%20Spa%20Ortakent%20Yah%C5%9Fi%20Bodrum&ved=2ahUKEwiLwtHpnL6WAxXImXwGHSCrI08QvukIegQIAxAC&ts=CAAaGhIYEhIKBwjqDxAJGAcSBwjqDxAJGAgyAggCKgcKBToDVFJZ,verified_direct,95,https://www.trip.com/hotels/detail/?hotelId=97245574,verified_direct,95,https://www.trip.com/hotels/detail/?hotelId=97245574,2,False,True,True,True
BOD121,Eskiyalı Otel,Ortakent-Yahşi,,review_required,70,https://www.trip.com/hotels/detail/?hotelId=112161757,verified_direct,95,https://www.trip.com/hotels/detail/?hotelId=112161757,1,True,False,True,True
BOD122,Florida Otel,Ortakent-Yahşi,https://www.google.com/travel/hotels/entity/ChkIvZS0lqWeo9z2ARoML2cvMTEzZGc5MWg5EAE?q=Florida%20Otel%20Ortakent%20Yah%C5%9Fi%20Bodrum&ved=2ahUKEwiPzKT6nL6WAxW6OwYAHaONGRIQvukIegQIAxAC&ts=CAAaGhIYEhIKBwjqDxAJGAcSBwjqDxAJGAgyAggCKgcKBToDVFJZ,verified_direct,95,https://www.trip.com/hotels/detail/?hotelId=2774346,verified_direct,91,https://www.trip.com/hotels/detail/?hotelId=2774346,2,False,True,True,True
BOD123,Hotel Marma Beach,Ortakent-Yahşi,https://www.google.com/travel/hotels/entity/ChkI5qb0noHmrK5cGg0vZy8xMWNtX2h3c2Z3EAE?q=Hotel%20Marma%20Beach%20Ortakent%20Yah%C5%9Fi%20Bodrum&ts=CAAaGhIYEhIKBwjqDxAJGAcSBwjqDxAJGAgyAggCKgIKAA&ved=2ahUKEwjQ_pCBnb6WAxXSBwYAHbImEY8QvukIegQIAxAC,verified_direct,95,,NOT_FOUND,0,,1,False,True,False,False
BOD124,Irmak Boutique Hotel,Ortakent-Yahşi,,review_required,77,https://www.trip.com/hotels/detail/?hotelId=91276298,verified_direct,95,https://www.trip.com/hotels/detail/?hotelId=91276298,1,True,False,True,True
BOD125,Kefi Beach Bodrum,Ortakent-Yahşi,https://www.google.com/travel/hotels/entity/ChkIrYXbsuDe6uoGGg0vZy8xMWI2ZGZuazd2EAE?q=Kefi%20Beach%20Bodrum%20Ortakent%20Yah%C5%9Fi%20Bodrum&ved=2ahUKEwiGoJiQnb6WAxXQcEECHZd4EEwQvukIegQIAxAC&ts=CAAaGhIYEhIKBwjqDxAJGAcSBwjqDxAJGAgyAggCKgIKAA,verified_direct,95,,NOT_FOUND,69,,1,False,True,False,False
BOD126,Khai Hotel Bodrum,Ortakent-Yahşi,https://www.google.com/travel/hotels/entity/ChoIjeq4lani94SRARoNL2cvMTFubjcwMXE2eBAB?q=Khai%20Hotel%20Bodrum%20Ortakent%20Yah%C5%9Fi%20Bodrum&ved=2ahUKEwimuaSXnb6WAxUeBwYAHb6YAFsQvukIegQIAxAC&ts=CAAaGhIYEhIKBwjqDxAJGAcSBwjqDxAJGAgyAggCKgcKBToDVFJZ,verified_direct,95,https://www.trip.com/hotels/detail/?hotelId=80934091,verified_direct,95,https://www.trip.com/hotels/detail/?hotelId=80934091,2,False,True,True,True
BOD127,Kriss Hotel,Ortakent-Yahşi,https://www.google.com/travel/hotels/entity/ChcI09aXptq55YVHGgsvZy8xdGRocGI2ORAB?q=Kriss%20Hotel%20Ortakent%20Yah%C5%9Fi%20Bodrum&ved=2ahUKEwinmZGxnb6WAxV4pnwGHSZ3BhAQvukIegQIAxAC&ts=CAAaGhIYEhIKBwjqDxAJGAcSBwjqDxAJGAgyAggCKgIKAA,verified_direct,95,,NOT_FOUND,0,,1,False,True,False,False
BOD128,Lugga Boutique Hotel & Beach,Ortakent-Yahşi,https://www.google.com/travel/hotels/entity/ChoI4JP_1d-6pq7eARoNL2cvMTF0am56eG1tZBAB?q=Lugga%20Boutique%20Hotel%20%26%20Beach%20Ortakent%20Yah%C5%9Fi%20Bodrum&ved=2ahUKEwj9-ve4nb6WAxVihXwGHSlRADcQvukIegQIAxAC&ts=CAAaGhIYEhIKBwjqDxAJGAcSBwjqDxAJGAgyAggCKgcKBToDVFJZ,verified_direct,95,https://www.trip.com/hotels/detail/?hotelId=10724805,verified_direct,95,https://www.trip.com/hotels/detail/?hotelId=10724805,2,False,True,True,True
BOD129,Meggs Bodrum,Ortakent-Yahşi,https://www.google.com/travel/hotels/entity/ChkIhqayo5iKvu8VGg0vZy8xMWI2ZGZxcnFtEAE?q=Meggs%20Bodrum%20Ortakent%20Yah%C5%9Fi%20Bodrum&ts=CAAaGhIYEhIKBwjqDxAJGAcSBwjqDxAJGAgyAggCKgcKBToDVFJZ&ved=2ahUKEwini57Anb6WAxUeBwYAHb6YAFsQvukIegQIAxAC,verified_direct,95,,NOT_FOUND,65,,1,False,True,False,False
BOD130,Petunya Beach Resort,Ortakent-Yahşi,https://www.google.com/travel/hotels/entity/ChgI3cTnmfOBvJQTGgwvZy8xaGMzeTBkMGMQAQ?q=Petunya%20Beach%20Resort%20Ortakent%20Yah%C5%9Fi%20Bodrum&ved=2ahUKEwjgj5fHnb6WAxVEi3wGHT5JC3YQvukIegQIAxAC&ts=CAAaGhIYEhIKBwjqDxAJGAcSBwjqDxAJGAgyAggCKgIKAA,verified_direct,95,https://www.trip.com/hotels/detail/?hotelId=3458968,verified_direct,95,https://www.trip.com/hotels/detail/?hotelId=3458968,2,False,True,True,True
BOD131,Regia Mare Beach Hotel Bodrum,Ortakent-Yahşi,https://www.google.com/travel/hotels/entity/ChkIrbPiitil1K8MGg0vZy8xMXBjMXR6cjEyEAE?q=Regia%20Mare%20Beach%20Hotel%20Bodrum%20Ortakent%20Yah%C5%9Fi%20Bodrum&ts=CAAaGhIYEhIKBwjqDxAJGAcSBwjqDxAJGAgyAggCKgcKBToDVFJZ&ved=2ahUKEwinqNTOnb6WAxV0eUECHVpfBmQQvukIegQIAxAC,verified_direct,95,https://www.trip.com/hotels/detail/?hotelId=9433726,verified_direct,95,https://www.trip.com/hotels/detail/?hotelId=9433726,2,False,True,True,True
BOD132,Viras Hotel & Beach,Ortakent-Yahşi,https://www.google.com/travel/hotels/entity/ChcIu6ao1tGG6ZhsGgsvZy8xdjI3M3pxaBAB?q=Viras%20Hotel%20%26%20Beach%20Ortakent%20Yah%C5%9Fi%20Bodrum&ved=2ahUKEwino8bZnb6WAxUAcUECHXxeCAIQvukIegQIAxAC&ts=CAAaGhIYEhIKBwjqDxAJGAcSBwjqDxAJGAgyAggCKgcKBToDVFJZ,verified_direct,95,,NOT_FOUND,5,,1,False,True,False,False
BOD133,Yahşi Beach Hotel & Restaurant,Ortakent-Yahşi,https://www.google.com/travel/hotels/entity/ChgIurukzIj3q9hkGgwvZy8xMTNqMXQ2amoQAQ?q=Yah%C5%9Fi%20Beach%20Hotel%20%26%20Restaurant%20Ortakent%20Yah%C5%9Fi%20Bodrum&ved=2ahUKEwjnv-3ynb6WAxUECAYAHZ-9D3cQvukIegQIAxAC&ts=CAAaGhIYEhIKBwjqDxAJGAcSBwjqDxAJGAgyAggCKgIKAA,verified_direct,95,,NOT_FOUND,0,,1,False,True,False,False
BOD134,Yakamoz Otel,Ortakent-Yahşi,https://www.google.com/travel/hotels/entity/ChoIsp7Rm-yqgfC2ARoNL2cvMTFnbWR5dzkwZBAB?q=Yakamoz%20Otel%20Ortakent%20Yah%C5%9Fi%20Bodrum&ts=CAAaGhIYEhIKBwjqDxAJGAcSBwjqDxAJGAgyAggCKgcKBToDVFJZ&ved=2ahUKEwiqheD6nb6WAxVIQkECHQurFJoQvukIegQIAxAC,verified_direct,95,https://www.trip.com/hotels/detail/?hotelId=65110826,verified_direct,95,https://www.trip.com/hotels/detail/?hotelId=65110826,2,False,True,True,True
BOD135,Yılmaz Hotel | Bodrum Ortakent Otelleri,Ortakent-Yahşi,,review_required,84,,NOT_FOUND,49,,0,True,False,False,False
BOD136,Zest Exclusive Hotel and Spa,Ortakent-Yahşi,https://www.google.com/travel/hotels/entity/ChoIubvujcCOz-DMARoNL2cvMTFiNjNianFreRAB?q=Zest%20Exclusive%20Hotel%20and%20Spa%20Ortakent%20Yah%C5%9Fi%20Bodrum&ts=CAAaGhIYEhIKBwjqDxAJGAcSBwjqDxAJGAgyAggCKgcKBToDVFJZ&ved=2ahUKEwivq-6Jnr6WAxVUOAYAHbErFSUQvukIegQIAxAC,verified_direct,95,https://www.trip.com/hotels/detail/?hotelId=3799633,verified_direct,88,https://www.trip.com/hotels/detail/?hotelId=3799633,2,False,True,True,True
BOD137,Armagan Apart Hotel,Torba,,review_required,76,,ERROR,0,,0,True,False,False,False
BOD138,Bodrum Blue Bay Otel,Torba,,review_required,77,,NOT_FOUND,0,,0,True,False,False,False
BOD139,Casa Dell'arte Otel,Torba,,review_required,76,,NOT_FOUND,67,,0,True,False,False,False
BOD140,DoubleTree by Hilton Bodrum Işıl Club All-Inclusive Resort,Torba,https://www.google.com/travel/hotels/entity/ChkI2-iu15q5kbcWGg0vZy8xMWpoOHgwcHY0EAE?q=DoubleTree%20by%20Hilton%20Bodrum%20I%C5%9F%C4%B1l%20Club%20All%20Inclusive%20Resort%20Torba%20Bodrum&ts=CAAaGhIYEhIKBwjqDxAJGAcSBwjqDxAJGAgyAggCKgcKBToDVFJZ&ved=2ahUKEwjUlqSpnr6WAxUQBwYAHYdwNFoQvukIegQIAxAC,verified_direct,95,https://www.trip.com/hotels/detail/?hotelId=3054529,verified_direct,91,https://www.trip.com/hotels/detail/?hotelId=3054529,2,False,True,True,True
BOD141,DUJA BODRUM,Torba,,NOT_FOUND,67,https://www.trip.com/hotels/detail/?hotelId=2510330,verified_direct,95,https://www.trip.com/hotels/detail/?hotelId=2510330,1,False,False,True,True
BOD142,Hotel Torbahan,Torba,,review_required,71,,NOT_FOUND,56,,0,True,False,False,False
BOD143,Hotel Zeytinada,Torba,https://www.google.com/travel/hotels/entity/ChcImdeM8b6Q57UNGgsvZy8xdGs1cW5tbBAB?q=Hotel%20Zeytinada%20Torba%20Bodrum&ts=CAAaGhIYEhIKBwjqDxAJGAcSBwjqDxAJGAgyAggCKgcKBToDVFJZ&ved=2ahUKEwi9t43Fnr6WAxXABQYAHdCYLG8QvukIegQIAxAC,verified_direct,95,,NOT_FOUND,59,,1,False,True,False,False
BOD144,Mira Suites,Torba,,NOT_FOUND,67,https://www.trip.com/hotels/detail/?hotelId=29994665,verified_direct,95,https://www.trip.com/hotels/detail/?hotelId=29994665,1,False,False,True,True
BOD145,Moyo Luxury Hotel & Beach,Torba,https://www.google.com/travel/hotels/entity/ChoI2tv28brhtZ7_ARoNL2cvMTFmZ203c2czcBAB?q=Moyo%20Luxury%20Hotel%20%26%20Beach%20Torba%20Bodrum&ved=2ahUKEwij_8Panr6WAxXmZkECHYt_Ff8QvukIegQIAxAC&ts=CAAaGhIYEhIKBwjqDxAJGAcSBwjqDxAJGAgyAggCKgIKAA&ap=KigKEgnB3J8T-YlCQBGp3NIwsHU7QBISCfB6PCqkikJAEanc0qTgdjtA,verified_direct,95,,NOT_FOUND,0,,1,False,True,False,False
BOD146,Olivia Hotel,Torba,https://www.google.com/travel/hotels/entity/ChgI5pTP-e-O0PtIGgwvZy8xaGM3a3IzcHQQAQ?q=Olivia%20Hotel%20Torba%20Bodrum&ved=2ahUKEwjpiIXinr6WAxXYLAYAHQiYBaYQvukIegQIAxAC&ts=CAAaGhIYEhIKBwjqDxAJGAcSBwjqDxAJGAgyAggCKgcKBToDVFJZ,verified_direct,95,,review_required,82,,1,True,True,False,False
BOD147,Omar Hotel & Suites,Torba,https://www.google.com/travel/hotels/entity/ChgInsrCgN2-jv2xARoLL2cvMXRmaHZfNzMQAQ?q=Omar%20Hotel%20%26%20Suites%20Torba%20Bodrum&ts=CAAaGhIYEhIKBwjqDxAJGAcSBwjqDxAJGAgyAggCKgcKBToDVFJZ&ved=2ahUKEwiV36zpnr6WAxWiOQYAHYDAHI4QvukIegQIAxAC,verified_direct,95,https://www.trip.com/hotels/detail/?hotelId=7169366,verified_direct,95,https://www.trip.com/hotels/detail/?hotelId=7169366,2,False,True,True,True
BOD148,Rixos Premium Bodrum,Torba,https://www.google.com/travel/hotels/entity/ChgIs66GzsSM5PSHARoLL2cvMXR4MTJwZDMQAQ?q=Rixos%20Premium%20Bodrum%20Torba%20Bodrum&ved=2ahUKEwiIsdX1nr6WAxV2YkECHUKPNxIQvukIegQIAxAC&ts=CAAaGhIYEhIKBwjqDxAJGAcSBwjqDxAJGAgyAggCKgIKAA,verified_direct,95,,ERROR,0,,1,False,True,False,False
BOD149,Roota Bodrum,Torba,,NOT_FOUND,69,,NOT_FOUND,0,,0,False,False,False,False
BOD150,Samara Hotel,Torba,https://www.google.com/travel/hotels/entity/ChgI1qjkw_2X2LexARoLL2cvMXZxdDJicDUQAQ?q=Samara%20Hotel%20Torba%20Bodrum&ts=CAAaGhIYEhIKBwjqDxAJGAcSBwjqDxAJGAgyAggCKgcKBToDVFJZ&ved=2ahUKEwjp9qKNn76WAxXIKwYAHZBnFE8QvukIegQIAxAC,verified_direct,95,,NOT_FOUND,47,,1,False,True,False,False
BOD151,Sarpedor Boutique Hotel & SPA,Torba,,review_required,81,https://www.trip.com/hotels/detail/?hotelId=3799376,verified_direct,88,https://www.trip.com/hotels/detail/?hotelId=3799376,1,True,False,True,True
BOD152,"Susona Bodrum, LXR Hotels & Resorts",Torba,https://www.google.com/travel/hotels/entity/ChkIgfXTtKuLypd6Gg0vZy8xMWZ0eGs5bng1EAE?q=Susona%20Bodrum%2C%20LXR%20Hotels%20%26%20Resorts%20Torba%20Bodrum&ved=2ahUKEwjlpcWgn76WAxVEi3wGHT5JC3YQvukIegQIAxAC&ts=CAAaGhIYEhIKBwjqDxAJGAcSBwjqDxAJGAgyAggCKgcKBToDVFJZ,verified_direct,95,https://www.trip.com/hotels/detail/?hotelId=5798277,verified_direct,95,https://www.trip.com/hotels/detail/?hotelId=5798277,2,False,True,True,True
BOD153,The Oba Hotel,Torba,https://www.google.com/travel/hotels/entity/ChkIwJfY9v-yi5BTGg0vZy8xMWw0bXpnNHpsEAE?q=The%20Oba%20Hotel%20Torba%20Bodrum&ts=CAAaGhIYEhIKBwjqDxAJGAcSBwjqDxAJGAgyAggCKgcKBToDVFJZ&ved=2ahUKEwjI19Wnn76WAxWJOQYAHSpSBBkQvukIegQIAxAC,verified_direct,95,,NOT_FOUND,38,,1,False,True,False,False
BOD154,Toka Bodrum Hotel & Beach Club,Torba,,review_required,81,,NOT_FOUND,0,,0,True,False,False,False
BOD155,Trend Life | Trendlife Hotels & Beach Club Bodrum Torba,Torba,https://www.google.com/travel/hotels/entity/ChoI14f077b98uyAARoNL2cvMTFzeTNsbjZ4NRAB?q=Trend%20Life%20%7C%20Trendlife%20Hotels%20%26%20Beach%20Club%20Bodrum%20Torba%20Torba%20Bodrum&ved=2ahUKEwjO9r63n76WAxUECAYAHZ-9D3cQvukIegQIAxAC&ts=CAAaGhIYEhIKBwjqDxAJGAcSBwjqDxAJGAgyAggCKgIKAA,verified_direct,95,,NOT_FOUND,59,,1,False,True,False,False
BOD156,Voyage Torba,Torba,https://www.google.com/travel/hotels/entity/ChkIpfq3j7GzsqYDGg0vZy8xMXR0MHlzeHFoEAE?q=Voyage%20Torba%20Torba%20Bodrum&ts=CAAaGhIYEhIKBwjqDxAJGAcSBwjqDxAJGAgyAggCKgcKBToDVFJZ&ved=2ahUKEwi1_8u-n76WAxV9QEECHTAXHqwQvukIegQIAxAC,verified_direct,95,,review_required,77,,1,True,True,False,False
BOD157,Voyage Torba Private,Torba,,review_required,77,,NOT_FOUND,0,,0,True,False,False,False
BOD158,Arin Resort Bodrum,Turgutreis,,review_required,75,https://www.trip.com/hotels/detail/?hotelId=3139952,verified_direct,95,https://www.trip.com/hotels/detail/?hotelId=3139952,1,True,False,True,True
BOD159,Bodrum Ada Otel Turgutreis,Turgutreis,,review_required,80,,NOT_FOUND,69,,0,True,False,False,False
BOD160,La Blanche Resort Bodrum,Turgutreis,,review_required,79,,review_required,77,,0,True,False,False,False
BOD161,MyElla Hotel Resort & Spa,Turgutreis,https://www.google.com/travel/hotels/entity/ChoI-9CC1ZPs0P69ARoNL2cvMTFzejNyYm12ZhAB?q=MyElla%20Hotel%20Resort%20%26%20Spa%20Turgutreis%20Bodrum&ved=2ahUKEwjZ_MLvn76WAxVoh3wGHUiKCLMQvukIegQIAxAC&ts=CAAaGhIYEhIKBwjqDxAJGAcSBwjqDxAJGAgyAggCKgIKAA,verified_direct,95,,review_required,76,,1,True,True,False,False
BOD162,Rammos Managed by Dedeman,Turgutreis,https://www.google.com/travel/hotels/entity/ChkIlKDmk5L7uYMzGg0vZy8xMXN3cGg2cWZ4EAE?q=Rammos%20Managed%20by%20Dedeman%20Turgutreis%20Bodrum&ved=2ahUKEwit3Nb2n76WAxVKRUECHfWaGioQvukIegQIAxAC&ts=CAAaGhIYEhIKBwjqDxAJGAcSBwjqDxAJGAgyAggCKgcKBToDVFJZ,verified_direct,95,https://www.trip.com/hotels/detail/?hotelId=91593909,verified_direct,95,https://www.trip.com/hotels/detail/?hotelId=91593909,2,False,True,True,True
BOD163,Sundance Resort,Turgutreis,,review_required,73,,NOT_FOUND,0,,0,True,False,False,False
BOD164,Swissôtel Resort Bodrum Sahili,Turgutreis,,review_required,84,,review_required,84,,0,True,False,False,False
BOD165,Caja by Maxx Royal,Türkbükü,,review_required,75,https://www.trip.com/hotels/detail/?hotelId=96121165,verified_direct,95,https://www.trip.com/hotels/detail/?hotelId=96121165,1,True,False,True,True
BOD166,Divan Bodrum,Türkbükü,https://www.google.com/travel/hotels/entity/ChcIk-_DgJbv8fJLGgsvZy8xdGQwal95YhAB?q=Divan%20Bodrum%20T%C3%BCrkb%C3%BCk%C3%BC%20Bodrum&ts=CAAaGhIYEhIKBwjqDxAJGAcSBwjqDxAJGAgyAggCKgcKBToDVFJZ&ved=2ahUKEwih_sCZoL6WAxXsakECHVPSOXkQvukIegQIAxAC,verified_direct,95,,NOT_FOUND,0,,1,False,True,False,False
BOD167,Elista Hotel & Spa,Türkbükü,https://www.google.com/travel/hotels/entity/ChkIrvDMk_Pn0fkFGg0vZy8xMWRmdjVkcXBiEAE?q=Elista%20Hotel%20%26%20Spa%20T%C3%BCrkb%C3%BCk%C3%BC%20Bodrum&ts=CAAaGhIYEhIKBwjqDxAJGAcSBwjqDxAJGAgyAggCKgcKBToDVFJZ&ved=2ahUKEwiimKWhoL6WAxVKRUECHfWaGioQvukIegQIAxAC,verified_direct,95,https://www.trip.com/hotels/detail/?hotelId=10538097,verified_direct,95,https://www.trip.com/hotels/detail/?hotelId=10538097,2,False,True,True,True
BOD168,Kuum Hotel & SPA Bodrum,Türkbükü,https://www.google.com/travel/hotels/entity/ChgIufGG67rR0566ARoLL2cvMXdmcDYyN2sQAQ?q=Kuum%20Hotel%20%26%20SPA%20Bodrum%20T%C3%BCrkb%C3%BCk%C3%BC%20Bodrum&ts=CAAaGhIYEhIKBwjqDxAJGAcSBwjqDxAJGAgyAggCKgcKBToDVFJZ&ved=2ahUKEwiw38-ooL6WAxWvoHwGHSu_GAkQvukIegQIAxAC,verified_direct,95,,review_required,77,,1,True,True,False,False
BOD169,MACAKIZI BODRUM,Türkbükü,https://www.google.com/travel/hotels/entity/ChgIvOfB4Iu2jbDJARoLL2cvMXRoaDRyajgQAQ?q=MACAKIZI%20BODRUM%20T%C3%BCrkb%C3%BCk%C3%BC%20Bodrum&ved=2ahUKEwjZ0qaxoL6WAxVjg3wGHQE6LnYQvukIegQIAxAC&ts=CAAaGhIYEhIKBwjqDxAJGAcSBwjqDxAJGAgyAggCKgIKAA,verified_direct,95,,NOT_FOUND,0,,1,False,True,False,False
BOD170,No:81 Hotel,Türkbükü,,NOT_FOUND,67,https://www.trip.com/hotels/detail/?hotelId=6276090,verified_direct,91,https://www.trip.com/hotels/detail/?hotelId=6276090,1,False,False,True,True
BOD171,4 reasons Hotel Yalikavak,Yalıkavak,https://www.google.com/travel/hotels/entity/ChgI_N-CvdDJqZ-AARoLL2cvMXY4NXc1NzAQAQ?q=4%20reasons%20Hotel%20Yalikavak%20Yal%C4%B1kavak%20Bodrum&ts=CAAaGhIYEhIKBwjqDxAJGAcSBwjqDxAJGAgyAggCKgcKBToDVFJZ&ved=2ahUKEwiv_NzBoL6WAxXQOAYAHd-5JVkQvukIegQIAxAC,verified_direct,95,,NOT_FOUND,64,,1,False,True,False,False
BOD172,Ailla Yalıkavak,Yalıkavak,,NOT_FOUND,53,https://www.trip.com/hotels/detail/?hotelId=112828271,verified_direct,95,https://www.trip.com/hotels/detail/?hotelId=112828271,1,False,False,True,True
BOD173,Allium Bodrum Resort & Spa,Yalıkavak,,review_required,79,https://www.trip.com/hotels/detail/?hotelId=11135278,verified_direct,95,https://www.trip.com/hotels/detail/?hotelId=11135278,1,True,False,True,True
BOD174,Arts Hotel Bodrum Yalıkavak,Yalıkavak,,review_required,81,https://www.trip.com/hotels/detail/?hotelId=42368994,verified_direct,95,https://www.trip.com/hotels/detail/?hotelId=42368994,1,True,False,True,True
BOD175,Avantgarde Refined Hotel | Yalıkavak,Yalıkavak,,review_required,83,https://www.trip.com/hotels/detail/?hotelId=3123466,verified_direct,86,https://www.trip.com/hotels/detail/?hotelId=3123466,1,True,False,True,True
BOD176,Blue Point Yalikavak,Yalıkavak,,review_required,77,,NOT_FOUND,65,,0,True,False,False,False
BOD177,Delta Hotels By Marriott Bodrum,Yalıkavak,,review_required,83,https://www.trip.com/hotels/detail/?hotelId=6521445,verified_direct,95,https://www.trip.com/hotels/detail/?hotelId=6521445,1,True,False,True,True
BOD178,Highlight Hotel Yalıkavak,Yalıkavak,,review_required,80,,review_required,79,,0,True,False,False,False
BOD179,Lizbonia Otel Yalikavak,Yalıkavak,,review_required,79,,NOT_FOUND,0,,0,True,False,False,False
BOD180,MGallery The Bodrum Hotel Yalıkavak,Yalıkavak,https://www.google.com/travel/hotels/entity/ChkI0Y20zKuUsdcQGg0vZy8xMXEycDg1OXQ1EAE?q=MGallery%20The%20Bodrum%20Hotel%20Yal%C4%B1kavak%20Yal%C4%B1kavak%20Bodrum&ts=CAAaGhIYEhIKBwjqDxAJGAcSBwjqDxAJGAgyAggCKgcKBToDVFJZ&ved=2ahUKEwji8viMob6WAxURd0ECHczVJfEQvukIegQIAxAC,verified_direct,95,https://www.trip.com/hotels/detail/?hotelId=78104128,verified_direct,95,https://www.trip.com/hotels/detail/?hotelId=78104128,2,False,True,True,True
BOD181,Palmalife Bodrum Resort & Spa,Yalıkavak,,review_required,81,https://www.trip.com/hotels/detail/?hotelId=65110502,verified_direct,95,https://www.trip.com/hotels/detail/?hotelId=65110502,1,True,False,True,True
BOD182,Root Redrock Villas Yalıkavak - Bodrum,Yalıkavak,,review_required,84,,review_required,73,,0,True,False,False,False
BOD183,Ruins Luxury Resort,Yalıkavak,,review_required,76,https://www.trip.com/hotels/detail/?hotelId=134861180,verified_direct,95,https://www.trip.com/hotels/detail/?hotelId=134861180,1,True,False,True,True
BOD184,Sea Palm Otel -YALIKAVAK,Yalıkavak,,review_required,79,https://www.trip.com/hotels/detail/?hotelId=67104006,verified_direct,95,https://www.trip.com/hotels/detail/?hotelId=67104006,1,True,False,True,True
BOD185,Sezz Hotels Spa Wellness Yalıkavak,Yalıkavak,,review_required,83,,review_required,79,,0,True,False,False,False
BOD186,Sirene Luxury Hotel Bodrum,Yalıkavak,,review_required,80,https://www.trip.com/hotels/detail/?hotelId=3794461,verified_direct,95,https://www.trip.com/hotels/detail/?hotelId=3794461,1,True,False,True,True
BOD187,Spektr Boutique Hotel Yalikavak,Yalıkavak,,review_required,83,https://www.trip.com/hotels/detail/?hotelId=10742914,verified_direct,95,https://www.trip.com/hotels/detail/?hotelId=10742914,1,True,False,True,True
BOD188,Tangiers Hotel Yalıkavak,Yalıkavak,,review_required,79,,NOT_FOUND,60,,0,True,False,False,False
BOD189,The Bodrum EDITION,Yalıkavak,https://www.google.com/travel/hotels/entity/ChoIoYqzieyFytDiARoNL2cvMTFmNTRzNl9fcRAB?q=The%20Bodrum%20EDITION%20Yal%C4%B1kavak%20Bodrum&ts=CAAaGhIYEhIKBwjqDxAJGAcSBwjqDxAJGAgyAggCKgcKBToDVFJZ&ved=2ahUKEwjGmJDYob6WAxXibEECHY0vKLwQvukIegQIAxAC,verified_direct,95,https://www.trip.com/hotels/detail/?hotelId=21867636,verified_direct,95,https://www.trip.com/hotels/detail/?hotelId=21867636,2,False,True,True,True
BOD190,The Sign Highlight Hotel,Yalıkavak,https://www.google.com/travel/hotels/entity/ChkI-ZT7oNbT99w4Gg0vZy8xMXprdmpwOHMyEAE?q=The%20Sign%20Highlight%20Hotel%20Yal%C4%B1kavak%20Bodrum&ved=2ahUKEwjPnLDfob6WAxU_hnwGHRgHJykQvukIegQIAxAC&ts=CAAaGhIYEhIKBwjqDxAJGAcSBwjqDxAJGAgyAggCKgcKBToDVFJZ,verified_direct,95,https://www.trip.com/hotels/detail/?hotelId=4061754,verified_direct,95,https://www.trip.com/hotels/detail/?hotelId=4061754,2,False,True,True,True
BOD191,Yalıkavak Marina Hotel by METT Collection,Yalıkavak,https://www.google.com/travel/hotels/entity?q=Yal%C4%B1kavak%20Marina%20Hotel%20by%20METT%20Collection%20Yal%C4%B1kavak%20Bodrum&ved=2ahUKEwiz29Xqob6WAxU_BQYAHTAHGygQvukIegUIAxDfAw&ts=CAEaWwo9EjsKDS9nLzExdjBfdzlxYl86KllhbMSxa2F2YWsgTWFyaW5hIEhvdGVsIEJ5IE1ldHQgQ29sbGVjdGlvbhIaEhQKBwjqDxAJGAcSBwjqDxAJGAgYATICCAIqBwoFOgNUUlk&rp=OAFIAg,verified_direct,85,https://www.trip.com/hotels/detail/?hotelId=3802803,verified_direct,95,https://www.trip.com/hotels/detail/?hotelId=3802803,2,False,True,True,True
BOD192,Yalıpark Beach Hotel,Yalıkavak,,review_required,77,https://www.trip.com/hotels/detail/?hotelId=9866550,verified_direct,95,https://www.trip.com/hotels/detail/?hotelId=9866550,1,True,False,True,True
